Dimension,Group,N,Champion_MAE,Candidate_MAE,Champion_RMSE,Candidate_RMSE
Gender,Female,101,0.2359,0.2413,0.3277,0.3073
Gender,Male,100,0.2914,0.2592,0.4742,0.3572
Academic_Level,Graduate,44,0.2526,0.2346,0.3878,0.3031
Academic_Level,High School,11,0.4191,0.4225,0.5004,0.5217
Academic_Level,Undergraduate,146,0.2551,0.2419,0.4051,0.3233
Stress_Level,High,47,0.2454,0.2659,0.3567,0.3381
Stress_Level,Low,23,0.2325,0.2521,0.3268,0.3119
Stress_Level,Medium,53,0.3465,0.294,0.5671,0.4025
Stress_Level,Very High,78,0.2272,0.2105,0.3173,0.2797
