row_fingerprint,y_true,champion_prediction,candidate_prediction,champion_error,candidate_error,champion_abs_error,candidate_abs_error,champion_squared_error,candidate_squared_error,prediction_difference
03354e34f46b2e05f88c0228ae77b25f2b60f096e67c147b27fc07ae9ea66aef,5.6,5.650599999999984,5.690800000000012,0.05059999999998421,0.0908000000000122,0.05059999999998421,0.0908000000000122,0.0025603599999984026,0.008244640000002216,0.04020000000002799
1a054ca7b90a62b45bb66508e78fc67eae196967d172d6c09d75b0c4a39f63a5,6.8,6.8017999999999965,7.0224000000000215,0.0017999999999966931,0.2224000000000217,0.0017999999999966931,0.2224000000000217,3.2399999999880953e-06,0.049461760000009646,0.220600000000025
778aa12537eb4f5b90ca0b9bef8d4d20b3d59815cfc1107b2777d1a5673b0d5a,8.3,8.237400000000042,8.222800000000028,-0.06259999999995891,-0.07719999999997285,0.06259999999995891,0.07719999999997285,0.003918759999994856,0.005959839999995807,-0.014600000000013935
91112a296219c24ff084791f7b5b30bfcf7fdd1078af0c44959e979e20df15c5,7.4,7.718799999999955,8.068,0.31879999999995423,0.6679999999999993,0.31879999999995423,0.6679999999999993,0.10163343999997082,0.446223999999999,0.34920000000004503
974a93f994db6ec69f3b4b26155c27254a305737d5df2cb73f737fe148d4cf8e,6.7,6.475600000000006,6.855600000000001,-0.22439999999999394,0.15560000000000063,0.22439999999999394,0.15560000000000063,0.05035535999999728,0.024211360000000196,0.37999999999999456
0f452ac32bf64d8f5fc852185eed47ff37bd7b96555ebb849698bd3a8b980296,7.7,7.7221999999999555,7.59600000000001,0.022199999999955367,-0.10399999999999032,0.022199999999955367,0.10399999999999032,0.0004928399999980183,0.010815999999997987,-0.1261999999999457
b50c3de8868b97c18cadc45c2cfa34127dc9787e0d44eb555e9c80eec353a986,4.8,4.885799999999998,4.968400000000002,0.0857999999999981,0.16840000000000188,0.0857999999999981,0.16840000000000188,0.007361639999999674,0.028358560000000633,0.08260000000000378
747fd6107ba4a436fb00004ea6ad9041d315140ca1ad4b8600460f8b668f1403,7.0,6.446799999999981,6.449600000000006,-0.553200000000019,-0.5503999999999936,0.553200000000019,0.5503999999999936,0.30603024000002105,0.3029401599999929,0.002800000000025449
44faff03e2682b723aa4d45c5cfd271867b226f79c7588434766450a332cfd2c,7.8,7.986000000000018,8.06080000000002,0.1860000000000186,0.2608000000000201,0.1860000000000186,0.2608000000000201,0.03459600000000692,0.0680166400000105,0.07480000000000153
1c2ddcc6c888f5678dc4caf27d8e95583b02ac515767f8646499b8552b3e27b6,5.2,5.237999999999993,5.285200000000007,0.03799999999999315,0.0852000000000066,0.03799999999999315,0.0852000000000066,0.0014439999999994793,0.007259040000001125,0.04720000000001345
38db30647351ad219a9a61168e95cd957ff137a5fe2ea79b68d40bc410b328e0,7.2,7.082799999999964,7.069599999999982,-0.11720000000003594,-0.1304000000000185,0.11720000000003594,0.1304000000000185,0.013735840000008425,0.017004160000004827,-0.013199999999982559
e76415da707b550a3294322ac882051c4f07aff68e999451327b1ffb0e932c71,4.1,4.18399999999998,4.405200000000008,0.08399999999998009,0.30520000000000813,0.08399999999998009,0.30520000000000813,0.007055999999996655,0.09314704000000497,0.22120000000002804
95712b4b4a813fd1ff29e858af16cdec2a2bb45ac02305e0597ed827a6e5b1c9,4.7,4.725933333333307,4.722799999999998,0.02593333333330694,0.02279999999999749,0.02593333333330694,0.02279999999999749,0.0006725377777764089,0.0005198399999998855,-0.0031333333333094515
720c342ae7af38df3c937f30149ada48f8926c5fbc9404af6c87bb1219273bd8,5.9,6.008999999999975,5.955200000000022,0.10899999999997423,0.055200000000021454,0.10899999999997423,0.055200000000021454,0.011880999999994382,0.0030470400000023683,-0.053799999999952774
58613a627813cd573d84c244857d6f28292862e3f3f264a75dbfa630676f94a3,4.1,5.68739999999998,5.038799999999999,1.5873999999999802,0.9387999999999996,1.5873999999999802,0.9387999999999996,2.5198387599999372,0.8813454399999994,-0.6485999999999805
497d5d927e0383c70c4b40f706cc444fae066a6607df9569d404cca10532ec7a,5.3,7.137799999999996,6.140400000000012,1.837799999999996,0.8404000000000122,1.837799999999996,0.8404000000000122,3.3775088399999857,0.7062721600000206,-0.9973999999999839
dd846011f600bb1d2754d461442b0878d7b3aec3bafbdf28303756cd8ce81490,4.8,4.9948000000000015,5.012,0.19480000000000164,0.21199999999999974,0.19480000000000164,0.21199999999999974,0.03794704000000064,0.044943999999999894,0.017199999999998106
0b7d515df09d7ee30c1da012a3353322e8998d6a9194365648a159fadd0c6965,5.0,4.8228000000000035,4.941200000000012,-0.17719999999999647,-0.058799999999988195,0.17719999999999647,0.058799999999988195,0.03139983999999875,0.0034574399999986118,0.11840000000000828
b69a5da16b333565be83de876a643dde9205d5ed82668c47232df4f695d2748b,4.0,4.698799999999994,4.447999999999995,0.6987999999999941,0.44799999999999507,0.6987999999999941,0.44799999999999507,0.4883214399999917,0.20070399999999558,-0.250799999999999
e0f642c55504af01f98f4256c4295e32e16594d0617bcc75ceae6f726d875d9d,5.3,5.459600000000002,5.438800000000001,0.15960000000000196,0.1388000000000016,0.15960000000000196,0.1388000000000016,0.025472160000000625,0.019265440000000442,-0.020800000000000374
aace4e978e5a702153428cb965158dc79a78e6b050975fde774db91f66e82b0d,7.1,6.916000000000016,6.933599999999991,-0.1839999999999833,-0.16640000000000832,0.1839999999999833,0.16640000000000832,0.03385599999999385,0.027688960000002767,0.01759999999997497
fd5c6d4f6514da9d4869c288a28f8c4f7a974a0e3b4027e866b2fa470ff77d36,4.3,4.5995999999999935,4.637599999999998,0.29959999999999365,0.33759999999999835,0.29959999999999365,0.33759999999999835,0.08976015999999619,0.11397375999999888,0.0380000000000047
16f72cd96ddd3d988e2454b87dc42f6e46cbfa8a43b4ea212ab35bbbb39b5120,5.0,4.974999999999992,4.971599999999989,-0.02500000000000835,-0.028400000000011083,0.02500000000000835,0.028400000000011083,0.0006250000000004174,0.0008065600000006295,-0.003400000000002734
5e180593ae6a2091b165ac13f84b24bb979e852b11bcaa7f3927f0444f7cfe1b,8.9,8.420599999999999,8.248800000000019,-0.4794000000000018,-0.6511999999999816,0.4794000000000018,0.6511999999999816,0.22982436000000175,0.424061439999976,-0.17179999999997975
c3e819a1a619e3ef2f710a959dd8c01d8a8020c674e273ca2c313c62d5ffdd0e,8.4,7.407200000000032,7.490399999999983,-0.9927999999999679,-0.9096000000000171,0.9927999999999679,0.9096000000000171,0.9856518399999363,0.827372160000031,0.08319999999995087
b5772a11b01ee0e49a971b1dfac591b865822f4a4d64f47e8444e79972799303,7.0,7.106799999999998,7.128800000000001,0.10679999999999801,0.1288000000000009,0.10679999999999801,0.1288000000000009,0.011406239999999575,0.016589440000000236,0.022000000000002906
ba79464d1b28f7a9391811b44196b9122b7fc87403a315d5ab727299194e9409,6.7,6.681999999999986,6.557600000000011,-0.018000000000014005,-0.14239999999998876,0.018000000000014005,0.14239999999998876,0.00032400000000050417,0.020277759999996797,-0.12439999999997475
ace69f0f99deb22640039115f8e8924bf180187b41a030f6dc3cf85b55277fe4,5.6,5.650600000000029,5.665599999999993,0.05060000000002951,0.06559999999999366,0.05060000000002951,0.06559999999999366,0.0025603600000029866,0.004303359999999169,0.014999999999964153
21658cc7a5cf0c01eeef93128e82f13239c125e434a27964c9af38c1e3d5ae97,4.4,4.761800000000001,4.73840000000001,0.36180000000000057,0.3384000000000098,0.36180000000000057,0.3384000000000098,0.13089924000000042,0.11451456000000663,-0.02339999999999076
4a60cca559fce9529a8ac2cabd3e5b09282be93bc33938eb1902ce4cc90a6590,5.3,4.939799999999975,4.925199999999993,-0.3602000000000247,-0.3748000000000067,0.3602000000000247,0.3748000000000067,0.12974404000001782,0.14047504000000502,-0.01459999999998196
33dfceca40e5d6a4884678f751bb9720a37220679d9c77adda88b212365cad88,5.0,4.914599999999991,4.8888000000000025,-0.0854000000000088,-0.11119999999999752,0.0854000000000088,0.11119999999999752,0.007293160000001503,0.012365439999999448,-0.02579999999998872
3a5afa7a1ecccf1b1c5eef54a46f0c7a9288f44abb7fddd26521d39f4230c9c9,6.0,6.082799999999999,6.1084000000000005,0.08279999999999887,0.1084000000000005,0.08279999999999887,0.1084000000000005,0.006855839999999814,0.011750560000000108,0.02560000000000162
00c83b9ccca2dd75f45739ddf0a004c9ead559458cc7a54c0e259118113c06b1,5.3,5.1076,5.234000000000005,-0.19240000000000013,-0.06599999999999451,0.19240000000000013,0.06599999999999451,0.037017760000000045,0.004355999999999275,0.12640000000000562
da90d0131025a3acea7cbb1a0a05430f4ab84824d7fd915cf23353d390095249,5.3,5.028999999999991,5.039200000000002,-0.2710000000000088,-0.2607999999999979,0.2710000000000088,0.2607999999999979,0.07344100000000477,0.06801663999999892,0.010200000000010867
f3926a1e7218fcad09498e89f6bf0f2b414543389dd53449e283f00c1176cef4,7.7,7.338599999999953,7.274400000000025,-0.3614000000000468,-0.42559999999997533,0.3614000000000468,0.42559999999997533,0.13060996000003383,0.181135359999979,-0.06419999999992854
2e5ea1ceb303aefc69942bb853d37bd36c320015fea79f4d0ad91d89ae6c74e9,4.1,4.161200000000026,4.098800000000004,0.06120000000002612,-0.001199999999995427,0.06120000000002612,0.001199999999995427,0.0037454400000031976,1.4399999999890248e-06,-0.06240000000002155
64c36a51207b40df7067a9b14550ed4ca388620e7f9ef1d65ff387e074a36e32,7.0,7.590999999999993,7.400799999999999,0.5909999999999931,0.4007999999999994,0.5909999999999931,0.4007999999999994,0.34928099999999185,0.1606406399999995,-0.1901999999999937
1686c8ae3be7323c54fd920911fc28112f4a9212f5760e8b8b855420a967264e,8.3,8.177599999999995,8.2316,-0.12240000000000606,-0.06840000000000046,0.12240000000000606,0.06840000000000046,0.014981760000001483,0.004678560000000063,0.0540000000000056
768c3bd0a60e9a326d34ab3f85d4f17f0d281ac7fd577d015a6e43f501a6020d,4.9,4.868800000000006,5.057599999999996,-0.031199999999994787,0.15759999999999597,0.031199999999994787,0.15759999999999597,0.0009734399999996747,0.024837759999998727,0.18879999999999075
aa742c4e04602fcd1072e496b523dd9c23f0c5fdb182c58d093c9085db54e630,4.0,4.114799999999988,4.131733333333336,0.11479999999998824,0.1317333333333357,0.11479999999998824,0.1317333333333357,0.0131790399999973,0.017353671111111735,0.016933333333347456
27c54f31b6440d81dee14e427f310952319424d1558058542c8b8ecf84c12189,7.2,7.35180000000006,7.39799999999999,0.1518000000000601,0.19799999999998974,0.1518000000000601,0.19799999999998974,0.02304324000001825,0.03920399999999594,0.04619999999992963
82999c6f4492c68dcae41e31fb417ed37a374cb58fd8072f94158b79782956bd,4.8,5.112199999999992,5.1392000000000175,0.3121999999999918,0.3392000000000177,0.3121999999999918,0.3392000000000177,0.0974688399999949,0.11505664000001202,0.027000000000025892
107e053f9257cc0644f0e3224e80b228f23863c2c39c782152801fe620feff5f,5.5,4.70733333333332,4.524400000000007,-0.7926666666666797,-0.9755999999999929,0.7926666666666797,0.9755999999999929,0.6283204444444651,0.9517953599999862,-0.1829333333333132
b50af1d34dfe2f40acb84211236e5dc4252a1c7b2f60fe0aad3da17eec15f2e7,5.4,4.965399999999999,5.219199999999979,-0.43460000000000143,-0.18080000000002094,0.43460000000000143,0.18080000000002094,0.18887716000000124,0.032688640000007575,0.2537999999999805
6d41a9a022ca26647c513c5430d6ee387217407b97053059e6e0409b92ead19a,6.8,6.629199999999963,6.644000000000026,-0.17080000000003714,-0.15599999999997394,0.17080000000003714,0.15599999999997394,0.029172640000012687,0.024335999999991868,0.014800000000063207
1d261d00aedd6b99d7ec7b1fbdadbcd21d24258fe445eb78a7bb91c06a90a235,8.5,8.151399999999994,8.090000000000003,-0.34860000000000646,-0.4099999999999966,0.34860000000000646,0.4099999999999966,0.12152196000000451,0.1680999999999972,-0.06139999999999013
a4579da72825c0e589977ac7bc84932feac25a650035d3c253d5b744fdbf9044,4.5,4.392600000000016,4.349200000000017,-0.10739999999998417,-0.1507999999999834,0.10739999999998417,0.1507999999999834,0.011534759999996601,0.02274063999999499,-0.04339999999999922
77943db76137a043f7cf49d4b02b24e5214018981c6215637823c796bcce60bc,5.4,5.6173999999999875,5.845600000000014,0.21739999999998716,0.445600000000014,0.21739999999998716,0.445600000000014,0.047262759999994415,0.19855936000001245,0.22820000000002683
3aa08dbde10e31f6baabf4532065518acc00a534ce2d45cf4c08addd52534114,6.0,5.819600000000022,5.80959999999998,-0.18039999999997836,-0.1904000000000199,0.18039999999997836,0.1904000000000199,0.03254415999999219,0.036252160000007576,-0.010000000000041531
23c20233af71ea474edb692c2816ed107c9161bd89c99ad565a87f633495908e,5.0,4.831199999999996,4.826399999999986,-0.1688000000000036,-0.17360000000001374,0.1688000000000036,0.17360000000001374,0.02849344000000122,0.03013696000000477,-0.0048000000000101295
87f7bab7d7ffa7e6d1e3d5f580edb41a93f85eb9c82ff415c3aa4d798a285369,4.8,4.92720000000004,4.9048000000000025,0.12720000000004017,0.10480000000000267,0.12720000000004017,0.10480000000000267,0.01617984000001022,0.01098304000000056,-0.0224000000000375
4de3e1921d6f40dc776e3936c1392950502bede0a9e2472f2cdbfda76cb4e2f5,8.0,7.792933333333304,7.655199999999985,-0.20706666666669626,-0.3448000000000153,0.20706666666669626,0.3448000000000153,0.0428766044444567,0.11888704000001056,-0.13773333333331905
c7e924af2ce046c70f356fa855a45cde82ed27f2a77bd5469134c3e39bd2fb3a,5.0,4.829999999999985,4.675600000000002,-0.17000000000001503,-0.324399999999998,0.17000000000001503,0.324399999999998,0.02890000000000511,0.10523535999999872,-0.154399999999983
0b3fcca5edc9a60f691e7a79c3938418426bb4fc88a4f4895b04ff740fc4f376,6.0,5.82980000000004,5.828000000000008,-0.17019999999996038,-0.17199999999999172,0.17019999999996038,0.17199999999999172,0.028968039999986515,0.02958399999999715,-0.001800000000031332
031a2fe1e381200c13a0495e68c4e1132a3083bb45f4c90be75568201527be6a,5.9,6.1211999999999955,6.166799999999998,0.22119999999999518,0.26679999999999726,0.22119999999999518,0.26679999999999726,0.04892943999999787,0.07118223999999854,0.04560000000000208
ef2b8615a4090ded9459c7e0d753abdb7a06322efe8ab4aebe24e7f60e4309e0,8.5,7.673000000000006,7.700399999999998,-0.8269999999999937,-0.7996000000000016,0.8269999999999937,0.7996000000000016,0.6839289999999897,0.6393601600000026,0.027399999999992097
257295b40b28deb17d861bea3d88c8a467ad6afe2197b7f04c1da4ea2fed4ab3,9.1,8.710000000000006,8.639599999999998,-0.38999999999999346,-0.4604000000000017,0.38999999999999346,0.4604000000000017,0.1520999999999949,0.21196816000000157,-0.07040000000000823
4cbc0a6bb0155782c43cadb55ecee8542b7e1218acf0e1ab7aaedcdb6e632619,6.4,6.280400000000038,6.279999999999999,-0.11959999999996196,-0.120000000000001,0.11959999999996196,0.120000000000001,0.014304159999990901,0.014400000000000239,-0.0004000000000390358
b02834ef574b552423b83674074c9e083920faabc8ec4e9325da884e7ee2c736,4.6,4.852800000000033,4.856000000000001,0.25280000000003344,0.2560000000000011,0.25280000000003344,0.2560000000000011,0.06390784000001691,0.06553600000000057,0.003199999999967673
0980a437877b6582a0f6c56cc02847680bf872b97100f35b1efaacfbcabae9ce,6.0,6.030799999999997,6.034400000000005,0.030799999999996608,0.03440000000000509,0.030799999999996608,0.03440000000000509,0.000948639999999791,0.0011833600000003505,0.0036000000000084853
fc82aee5c458fe4ff9c669ced995bf4c8dde0b0473f1e31b426cf544b5b22526,6.5,6.389400000000002,6.3443999999999985,-0.11059999999999803,-0.15560000000000151,0.11059999999999803,0.15560000000000151,0.012232359999999566,0.024211360000000473,-0.04500000000000348
2b8f4997c24a245da4f10f568594165f5955210fe981ff8c51c851aa831c69fe,8.5,8.121599999999965,8.129999999999981,-0.3784000000000347,-0.37000000000001876,0.3784000000000347,0.37000000000001876,0.14318656000002628,0.13690000000001387,0.00840000000001595
1c48160b2131e0bed3fa467b09b5605104a2cf1e1dfbc8fb1929cd96a428a197,5.0,5.086199999999966,5.077599999999993,0.08619999999996608,0.07759999999999323,0.08619999999996608,0.07759999999999323,0.007430439999994152,0.006021759999998949,-0.008599999999972852
6985fc74579873075297ef286f0c36255c3f4abce23165301fe1fec6ef441702,7.2,6.994200000000014,6.959600000000005,-0.20579999999998577,-0.24039999999999484,0.20579999999998577,0.24039999999999484,0.04235363999999414,0.05779215999999752,-0.03460000000000907
77b8b800421663ddecb606eeccc16118c7658fb3f0e45c7d1377f2567f290b42,5.0,4.921799999999994,5.060400000000015,-0.07820000000000604,0.060400000000014664,0.07820000000000604,0.060400000000014664,0.006115240000000945,0.0036481600000017713,0.1386000000000207
8cf76b243b57f922d65936668a8330f20a0ec7a1c21aa8b925e03d7d1ada62e3,8.4,8.346800000000044,8.349600000000033,-0.05319999999995595,-0.050399999999967804,0.05319999999995595,0.050399999999967804,0.002830239999995313,0.002540159999996755,0.0027999999999881453
ab72aebaff8c7bee6515227ecf9513d2dc3438d5e4e7c5d91465c7ff223b49fb,5.2,5.2923999999999785,5.387999999999995,0.09239999999997828,0.1879999999999944,0.09239999999997828,0.1879999999999944,0.008537759999995986,0.03534399999999789,0.09560000000001612
aaef8e3758ee4dd8352e0ce8c2f4e2207964bbbc81086f2806b3aa863e4bbf81,6.4,6.573999999999958,6.534399999999984,0.17399999999995774,0.13439999999998342,0.17399999999995774,0.13439999999998342,0.030275999999985294,0.018063359999995542,-0.03959999999997432
753344da806884b10e4e14f5b4ea339c952350e22ac567cb57f0f29ad8ede325,8.8,7.65213333333332,8.377199999999974,-1.1478666666666806,-0.42280000000002715,1.1478666666666806,0.42280000000002715,1.3175978844444765,0.17875984000002296,0.7250666666666534
c039b59958810f9609cde92ce74536dc3d81ca9ca22dfb8a178752ae74332e1c,8.2,7.977800000000011,8.008800000000003,-0.2221999999999884,-0.1911999999999967,0.2221999999999884,0.1911999999999967,0.049372839999994846,0.03655743999999874,0.0309999999999917
b7a9e66ef47fe380dc5a6ded8d95386451933c0e61981944f7fc87a14fcb8ab0,4.3,4.5494,4.611599999999993,0.2494000000000005,0.3115999999999932,0.2494000000000005,0.3115999999999932,0.06220036000000025,0.09709455999999578,0.062199999999992706
a2ddccfef8563aa20e8139bf124bc798e34be25d9cfa3d2479cf07028e35448c,8.0,8.206600000000028,8.058363636363623,0.20660000000002832,0.05836363636362307,0.20660000000002832,0.05836363636362307,0.0426835600000117,0.0034063140495852254,-0.14823636363640524
bf74e5fe86779e843c9e7bb8361cf4efe5199baad76f3ec0d4dc89a06bde2c33,6.5,6.172400000000032,6.154800000000005,-0.32759999999996836,-0.34519999999999484,0.32759999999996836,0.34519999999999484,0.10732175999997927,0.11916303999999645,-0.017600000000026483
6e24255961d4a4285027548837b2c2797749c37805ae2b03d3553656b269a08d,5.2,5.299599999999995,5.368000000000001,0.09959999999999525,0.16800000000000104,0.09959999999999525,0.16800000000000104,0.009920159999999054,0.02822400000000035,0.06840000000000579
75475498c1bb32a7e95ee679d271c7eb0097079c1c4a1c644928ae130f2e2b47,6.0,5.609599999999988,5.553399999999998,-0.39040000000001207,-0.4466000000000019,0.39040000000001207,0.4466000000000019,0.15241216000000943,0.1994515600000017,-0.056199999999989814
cb9be1410026cb364efd69d731aae3577c12eee13458a8e291d8653fab549ac8,8.9,8.741600000000034,8.770000000000024,-0.15839999999996657,-0.1299999999999759,0.15839999999996657,0.1299999999999759,0.02509055999998941,0.016899999999993736,0.028399999999990655
bc69b5ecb56cb1d664aec89f1928fe7f88c82257b3d15782bba11cd72dd82e54,5.0,4.8132,4.85719999999999,-0.18679999999999986,-0.14280000000001003,0.18679999999999986,0.14280000000001003,0.034894239999999944,0.020391840000002864,0.043999999999989825
a4eaa0b777dd3443a782b04e58577cf63de2ad74fbcc43575a8ab871fd09fcc8,7.9,7.999599999999991,8.025199999999991,0.09959999999999081,0.12519999999999065,0.09959999999999081,0.12519999999999065,0.009920159999998169,0.01567503999999766,0.025599999999999845
d22db099caeed80e93d363f1e4b1b1900b5da2884f0fe940e276caa1aca1915c,7.5,7.682799999999953,7.589599999999973,0.18279999999995322,0.08959999999997326,0.18279999999995322,0.08959999999997326,0.0334158399999829,0.008028159999995208,-0.09319999999997997
ad96f7914aed002e81fb5360804ca68ae6bd269aa48e6a65df40274c95669e76,6.9,6.87560000000004,6.845199999999974,-0.02439999999996001,-0.05480000000002594,0.02439999999996001,0.05480000000002594,0.0005953599999980484,0.003003040000002843,-0.03040000000006593
21edcd11092d1046b54019a1ad1986c3ded79cb69ab6a3559abbd65775dcbae1,5.1,4.8439999999999985,4.886399999999984,-0.2560000000000011,-0.21360000000001556,0.2560000000000011,0.21360000000001556,0.06553600000000057,0.04562496000000665,0.04239999999998556
3880f1243713ce897dcf9134ee376054a8e7a1fd093d9f5fa4387bf381598330,5.0,7.080199999999995,5.834000000000011,2.080199999999995,0.8340000000000112,2.080199999999995,0.8340000000000112,4.32723203999998,0.6955560000000186,-1.246199999999984
bcc7da0c8eb72dca066b41af11de1c77cb6de01b8fc6ce0352804964b993b67a,6.5,6.416800000000013,6.342400000000011,-0.08319999999998728,-0.15759999999998886,0.08319999999998728,0.15759999999998886,0.006922239999997884,0.02483775999999649,-0.07440000000000158
2839d68f7fccedececed917322dfd501b0be785b19e58b39802404d2fd928178,4.9,5.26039999999998,5.215600000000003,0.36039999999997985,0.31560000000000255,0.36039999999997985,0.31560000000000255,0.1298881599999855,0.09960336000000161,-0.0447999999999773
2cb28d1498b0930e436d6fe893646e9adb4ef654458570f272912360811d4352,8.0,8.02999999999996,8.072000000000013,0.02999999999996028,0.07200000000001339,0.02999999999996028,0.07200000000001339,0.0008999999999976168,0.0051840000000019275,0.042000000000053106
df7f8a7d596976a401d5feb7213c762f0f606ac89463c72119d2bdeb0cca98a7,4.9,4.931000000000035,4.941199999999989,0.031000000000034333,0.04119999999998836,0.031000000000034333,0.04119999999998836,0.0009610000000021287,0.0016974399999990406,0.010199999999954024
69483da88a92e2b683b1e0d05912467e7b3b72c93d4e53b25ca0f45d319b860d,7.0,6.744599999999991,6.689999999999995,-0.25540000000000873,-0.31000000000000494,0.25540000000000873,0.31000000000000494,0.06522916000000446,0.09610000000000306,-0.05459999999999621
93c1fd545ab53abe3faaa17efa91319724ca5bb4f9345aecef7a4b671cce63b6,6.3,5.177899999999996,5.795333333333332,-1.122100000000004,-0.5046666666666679,1.122100000000004,0.5046666666666679,1.2591084100000092,0.2546884444444457,0.6174333333333362
b5e4236b7c3942f47849d6b80f3b05aa8bebaaef6381cc77b6b4a89b7e3fd2b0,4.4,4.415000000000039,4.411999999999992,0.01500000000003876,0.011999999999991573,0.01500000000003876,0.011999999999991573,0.0002250000000011628,0.00014399999999979775,-0.003000000000047187
9e53edcd823dfcc97bb25d416e221a4790ab7afc93760be8e8b7eb4596938768,7.4,6.552000000000004,6.765199999999998,-0.8479999999999963,-0.634800000000002,0.8479999999999963,0.634800000000002,0.7191039999999937,0.40297104000000256,0.21319999999999428
17ec004abe6ad36825fd96bf56df92d4e29db51aa09aab86821689dff3aaf05c,6.1,5.660599999999999,5.673400000000002,-0.4394000000000009,-0.42659999999999787,0.4394000000000009,0.42659999999999787,0.1930723600000008,0.1819875599999982,0.012800000000003031
a51718333bc1305e17ddb52a5e65dccf957191dc3cab704cfdcf430c3db492ea,7.8,7.906600000000027,7.891199999999989,0.1066000000000269,0.09119999999998907,0.1066000000000269,0.09119999999998907,0.011363560000005735,0.008317439999998006,-0.015400000000037828
817b824641e00e1179899668be806800c9d46825845b8580560b8b94cfb5b58f,7.9,7.9921999999999915,7.981000000000006,0.09219999999999118,0.08100000000000573,0.09219999999999118,0.08100000000000573,0.008500839999998374,0.006561000000000929,-0.011199999999985444
0bea2c9f2cfd95cea94c82972c16751be167fd9e83c6331b882d08e9783e0032,6.2,6.403199999999985,6.21279999999999,0.20319999999998473,0.012799999999989708,0.20319999999998473,0.012799999999989708,0.041290239999993796,0.00016383999999973654,-0.19039999999999502
e10e2836d3bb81c0ee7a3f5b1d87a5f737ab5517bd1f6bba0da6b05ec8b72ee8,4.5,4.638799999999984,4.642000000000001,0.13879999999998383,0.14200000000000124,0.13879999999998383,0.14200000000000124,0.01926543999999551,0.020164000000000352,0.003200000000017411
3d7954ff26157a771018243f5c2eb5cdf3de47e6f589630f7b987ea76eba3300,4.5,4.323400000000015,4.850799999999999,-0.17659999999998544,0.35079999999999867,0.17659999999998544,0.35079999999999867,0.031187559999994854,0.12306063999999907,0.5273999999999841
51c11e32c4e87a570f234922b2cb92cdb6672d64b2e5eeb26181433b56591953,8.0,8.023200000000003,8.075600000000023,0.023200000000002774,0.07560000000002276,0.023200000000002774,0.07560000000002276,0.0005382400000001287,0.005715360000003442,0.052400000000019986
4395922e93bba72873d0470643953f5ba87b39f7b0f9404db3b229e4e5348833,7.5,7.4726000000000505,7.4908000000000206,-0.027399999999949465,-0.009199999999979447,0.027399999999949465,0.009199999999979447,0.0007507599999972307,8.463999999962182e-05,0.018199999999970018
2a797a3a65c1433831950a3aedb43ad8bcdc2a31b1d482cadaf26edd60366918,6.9,7.182199999999963,7.15959999999999,0.28219999999996226,0.25959999999999006,0.28219999999996226,0.25959999999999006,0.0796368399999787,0.06739215999999484,-0.022599999999972198
d85a43d65a7e9025eb3038ddae99a7a1525e97a9da1dace39adb8bd0653fa8c2,6.0,6.187000000000026,6.112200000000003,0.18700000000002603,0.11220000000000319,0.18700000000002603,0.11220000000000319,0.034969000000009735,0.012588840000000715,-0.07480000000002285
e2a810861b9018906b0f03a21db299e4fea84c5bf094ef4ac6c805c38c06f5a3,4.1,4.55659999999997,4.667399999999999,0.4565999999999706,0.5673999999999992,0.4565999999999706,0.5673999999999992,0.20848355999997314,0.32194275999999916,0.11080000000002865
d68c01a7681602d2321c3c683f2f54040b150d8c06af0eaa024c61ff790f361c,5.8,5.946399999999995,5.888800000000007,0.14639999999999542,0.0888000000000071,0.14639999999999542,0.0888000000000071,0.021432959999998658,0.00788544000000126,-0.05759999999998833
a2cb46f922d5b0dc48be78f1d3354d15f4095e45f93480ae391149aee703f724,5.1,5.002,5.002800000000001,-0.09799999999999986,-0.09719999999999906,0.09799999999999986,0.09719999999999906,0.009603999999999974,0.009447839999999819,0.0008000000000008001
7de036f25e04715d1271ea425d88b842c329546031a084a9a558cff6c8412ae2,4.9,5.030800000000031,5.109600000000004,0.1308000000000309,0.20960000000000356,0.1308000000000309,0.20960000000000356,0.01710864000000808,0.04393216000000149,0.07879999999997267
3684539aa3ff96752e1da1f5a1fb0d6be4dba4f465c068a3fdad7c5b86c39751,7.4,7.236399999999956,7.274000000000026,-0.16360000000004415,-0.12599999999997458,0.16360000000004415,0.12599999999997458,0.026764960000014448,0.015875999999993593,0.03760000000006958
b0d65ef14d2c108ffeabebd778766f5cbcba168545b8d30a4675f51bfeaa4869,6.3,6.390799999999999,6.4232,0.09079999999999888,0.12319999999999975,0.09079999999999888,0.12319999999999975,0.008244639999999796,0.01517823999999994,0.03240000000000087
e5d111e4e70cb1b0824c1241df3dd960011984221aa691c859aafb9e12449b34,9.0,8.676800000000009,8.737199999999985,-0.32319999999999105,-0.2628000000000146,0.32319999999999105,0.2628000000000146,0.10445823999999422,0.06906384000000766,0.06039999999997647
8f17d09d4ad722373f4c6dc2e780e4697083314ed0482a46e859effca33c812b,4.8,5.06560000000001,5.034400000000003,0.26560000000000983,0.2344000000000035,0.26560000000000983,0.2344000000000035,0.07054336000000522,0.05494336000000164,-0.031200000000006334
218327874dd5d190117e2be500cf32672c6f8244eca7dc090b6e58ecdd57010a,5.1,5.1300000000000034,5.175599999999998,0.0300000000000038,0.07559999999999878,0.0300000000000038,0.07559999999999878,0.0009000000000002281,0.005715359999999815,0.04559999999999498
e4637e94731ba59ad1ca671a8b1d887cecc018dbfcef87f00ec38d123ddab825,5.7,5.863199999999985,5.9948,0.1631999999999847,0.2947999999999995,0.1631999999999847,0.2947999999999995,0.026634239999995004,0.08690703999999971,0.13160000000001482
0d015f58802fe12346378222d6df8fcefbc6ccf02f8643e4d527deba95b13913,7.0,7.06279999999997,6.919199999999986,0.06279999999996999,-0.0808000000000142,0.06279999999996999,0.0808000000000142,0.003943839999996231,0.006528640000002294,-0.14359999999998418
a172dbe15c5f29524807cb3d47b8aa665281baf3ec80a8fda35ea91febbb7d51,5.0,5.013000000000009,4.9407999999999905,0.013000000000008782,-0.05920000000000947,0.013000000000008782,0.05920000000000947,0.00016900000000022835,0.003504640000001121,-0.07220000000001825
e64606cec7c2696be7cc35856628a0598361eef6df99f14d49e7361ddc8eed0c,5.0,5.043999999999993,5.053199999999997,0.04399999999999338,0.053199999999996805,0.04399999999999338,0.053199999999996805,0.0019359999999994171,0.00283023999999966,0.009200000000003428
51cfad7d3b7d5d165441413a8b2f89f82d061172ef69e82556dcb3482669d056,6.8,7.055799999999998,7.101599999999998,0.25579999999999803,0.30159999999999787,0.25579999999999803,0.30159999999999787,0.06543363999999899,0.09096255999999872,0.04579999999999984
d3cce37a49bd889887d27770f9616ab7edd1bd6c84d256b12b95b9b317d58f7d,7.0,7.18819999999994,7.198000000000023,0.18819999999993975,0.1980000000000226,0.18819999999993975,0.1980000000000226,0.03541923999997732,0.039204000000008954,0.009800000000082854
f2e3551989cd3826d09f03c285a169d87e09bc8456aaba2b1624634c3f45978c,6.4,6.639799999999953,6.330399999999995,0.23979999999995272,-0.06960000000000566,0.23979999999995272,0.06960000000000566,0.05750403999997732,0.004844160000000788,-0.3093999999999584
80b7b96b27556c7e6f54a843fac6257309f262e79e73e4eb107bcb06962498a8,6.0,5.928400000000043,5.926000000000007,-0.07159999999995659,-0.07399999999999274,0.07159999999995659,0.07399999999999274,0.005126559999993783,0.005475999999998925,-0.002400000000036151
66cf2e72717badb0ee95b15faa42c863771548b0505fd976e3d59d28d3c35c9b,5.1,4.642199999999988,4.756800000000002,-0.4578000000000113,-0.34319999999999773,0.4578000000000113,0.34319999999999773,0.20958084000001034,0.11778623999999845,0.11460000000001358
ee25dc69809a30e1b06b66619bfdad7b3452913e5cb1326b80c9390cb0223a02,4.8,5.035200000000008,5.155600000000001,0.23520000000000785,0.3556000000000008,0.23520000000000785,0.3556000000000008,0.05531904000000369,0.12645136000000057,0.12039999999999296
808a20df8f865e01157a899acfb1117168f3357e864ea2d45a7d69862ec45780,6.7,6.715000000000001,7.1819999999999995,0.015000000000000568,0.4819999999999993,0.015000000000000568,0.4819999999999993,0.00022500000000001704,0.23232399999999934,0.46699999999999875
9dbb262798097947fd417ea70518f3ce814c16fbd4ac21b7a9a68188627da7c8,6.0,6.014999999999995,5.978800000000017,0.01499999999999524,-0.021199999999982566,0.01499999999999524,0.021199999999982566,0.00022499999999985718,0.0004494399999992608,-0.036199999999977805
6512d26faaf3dd5126da868dcf79cb312cd1161b2a462f289c85122830f6ac26,5.2,4.839800000000019,4.898799999999999,-0.3601999999999812,-0.30120000000000147,0.3601999999999812,0.30120000000000147,0.12974403999998646,0.09072144000000089,0.058999999999979735
0ae4e53ad4014ab782cdc983ee3ca88c8f06674192fac2810f3e477deef90ad8,5.0,5.2260000000000115,5.2384,0.22600000000001153,0.2384000000000004,0.22600000000001153,0.2384000000000004,0.05107600000000521,0.05683456000000019,0.012399999999988864
013280d8ab29887108d0837e7a8531f83d934e2356eb6ce923c36f0c15b0b4b3,4.9,6.871599999999991,6.280000000000006,1.9715999999999907,1.3800000000000052,1.9715999999999907,1.3800000000000052,3.8872065599999632,1.9044000000000143,-0.5915999999999855
bacf8dbc5aaa400f475bb7e03b7ed0629efd876347c05a8785f0f042633491ea,5.3,4.786200000000004,5.146400000000017,-0.5137999999999963,-0.15359999999998308,0.5137999999999963,0.15359999999998308,0.26399043999999616,0.023592959999994802,0.3602000000000132
9cde0c856460d2049a3e46b5469cd33dcc9460313b1c54aef9cfd27d2e48fb4f,6.6,6.515799999999959,6.502399999999981,-0.08420000000004091,-0.09760000000001856,0.08420000000004091,0.09760000000001856,0.007089640000006889,0.009525760000003623,-0.013399999999977652
29c6fc6993378f75d2352ea4d08e69481ed5382fe71a873257bfd5a4841d3a30,6.0,6.075900000000004,6.079200000000003,0.0759000000000043,0.07920000000000282,0.0759000000000043,0.07920000000000282,0.005760810000000652,0.006272640000000447,0.0032999999999985263
46dcd6ba8dbdd4dc3c93eacf44984f6d1e5da3a4d4b8a5e578d527422e1c1765,5.0,5.046400000000005,5.074400000000003,0.04640000000000466,0.07440000000000335,0.04640000000000466,0.07440000000000335,0.0021529600000004326,0.005535360000000499,0.027999999999998693
a7059e0ad17d2b7f701c1c66234e596643bab9e38934a93649c1c3fc876a57dc,4.7,5.091800000000009,5.1008000000000076,0.3918000000000088,0.4008000000000074,0.3918000000000088,0.4008000000000074,0.1535072400000069,0.1606406400000059,0.008999999999998565
31ca8e41304b25b8d34fcd4ee863b50ecea02c9971a3a9b3e02be56c62d29c11,7.0,7.285400000000001,7.400400000000003,0.285400000000001,0.400400000000003,0.285400000000001,0.400400000000003,0.08145316000000057,0.16032016000000238,0.11500000000000199
611628b6fe6754b9016360322f24e028be3a937fed25ebe6023bdc0b8081d7a1,5.9,6.002399999999999,6.0692,0.10239999999999849,0.16920000000000002,0.10239999999999849,0.16920000000000002,0.010485759999999691,0.028628640000000007,0.06680000000000152
886738de422fc71adc1934d419d64446e2cd58d4a284408ab37a112e047316e9,4.9,4.7822,4.74640000000002,-0.11780000000000079,-0.15359999999998042,0.11780000000000079,0.15359999999998042,0.013876840000000187,0.023592959999993984,-0.035799999999979626
90c167db3fb05074ddf69bdff09899086a673b6822fbad306b760c542bf18d31,8.8,8.6275333333334,8.512399999999982,-0.17246666666660104,-0.28760000000001895,0.17246666666660104,0.28760000000001895,0.029744751111088475,0.0827137600000109,-0.11513333333341791
2b0c30a9e0dd5e7100e45561facdaf3135d45a214a77a39df6425edaa68fe4e9,7.1,6.81780000000005,6.7972000000000214,-0.2821999999999498,-0.3027999999999782,0.2821999999999498,0.3027999999999782,0.07963683999997168,0.0916878399999868,-0.020600000000028373
b82621a981febd25ab5c7b16d57a522910769bf3ea449f3223ae5d3d968e3f08,4.0,4.5437999999999965,4.811599999999999,0.5437999999999965,0.8115999999999994,0.5437999999999965,0.8115999999999994,0.2957184399999962,0.658694559999999,0.2678000000000029
9a16750a0394437d13508b9451bc8558bc5ba5ef5474f309ca9b0c6602b233d5,6.8,7.067199999999999,7.093199999999999,0.267199999999999,0.2931999999999988,0.267199999999999,0.2931999999999988,0.07139583999999946,0.08596623999999929,0.0259999999999998
82e363f5c7649ef9838019e2b207cf6153ac84f18253e60cf7e57dbd0355bc70,4.6,4.77479999999999,4.510000000000006,0.17479999999999052,-0.08999999999999364,0.17479999999999052,0.08999999999999364,0.030555039999996685,0.008099999999998855,-0.26479999999998416
c7eae2e97829c95f8502a887fadddbbf2d6d79ed5abb7d6a8c2ed12bc0e9dd6f,5.2,5.0215999999999985,5.060800000000005,-0.17840000000000167,-0.13919999999999533,0.17840000000000167,0.13919999999999533,0.031826560000000594,0.0193766399999987,0.03920000000000634
ceaee9eb705b181062a11525cece6dce952fa17b4d2960d6aea7e1299e53ea7a,6.0,5.7167999999999815,5.661400000000021,-0.28320000000001855,-0.33859999999997914,0.28320000000001855,0.33859999999997914,0.0802022400000105,0.11464995999998587,-0.05539999999996059
56d04511eecb68ffcf6a4e907f1b4f4339d9ae40993a9e5285c01ec6e1033609,6.6,6.2931999999999695,6.394400000000025,-0.30680000000003016,-0.2055999999999747,0.30680000000003016,0.2055999999999747,0.09412624000001851,0.04227135999998959,0.10120000000005547
84c5c28ccf6994ed23ca660ba62e478000550fbcd409257aba8ddf6be69adfaf,7.5,7.567599999999962,7.5803999999999885,0.06759999999996236,0.08039999999998848,0.06759999999996236,0.08039999999998848,0.00456975999999491,0.006464159999998147,0.012800000000026124
15b08cc16de0023bd9d1381d2cb7c01bdff438d3ae58867af72621846b7c7fe5,8.3,7.899799999999995,7.92799999999999,-0.4002000000000061,-0.37200000000001054,0.4002000000000061,0.37200000000001054,0.1601600400000049,0.13838400000000783,0.028199999999995562
2c58e903ec572c9c26f12015cf7239ac3cb46a0ff754368f470b811ef2e29d99,7.2,7.447399999999994,7.487999999999991,0.24739999999999363,0.2879999999999905,0.24739999999999363,0.2879999999999905,0.06120675999999685,0.08294399999999452,0.04059999999999686
1f0bab055a84f74ed882a4740ad4d2d7b8f968289800fa0419f8f2347c578f57,7.0,6.683799999999983,6.624000000000014,-0.31620000000001713,-0.3759999999999861,0.31620000000001713,0.3759999999999861,0.09998244000001083,0.14137599999998957,-0.05979999999996899
97a5d68d71bc473386afa0dd84e79c97841298f76909b28f363362feb5284e03,7.9,7.952600000000001,7.934,0.05260000000000087,0.03399999999999981,0.05260000000000087,0.03399999999999981,0.0027667600000000916,0.001155999999999987,-0.01860000000000106
722cc7ad3c99829b18f813102563f58d188d8ffba2ab33cf384b3223ee71f58b,8.0,7.877000000000014,7.861200000000023,-0.12299999999998601,-0.13879999999997672,0.12299999999998601,0.13879999999997672,0.015128999999996558,0.019265439999993538,-0.01579999999999071
219c065581aa1e451e25b73ef2d3a5ad57c108b61dbbfd40650910d820fa056d,7.6,7.8318000000000545,7.83760000000003,0.23180000000005485,0.23760000000003068,0.23180000000005485,0.23760000000003068,0.05373124000002543,0.05645376000001458,0.0057999999999758245
7b6cfecc3db1420c96979e8c93ac6e7226ec8d6638cd572795cb5e03f29368dc,8.3,7.533800000000036,7.61759999999999,-0.7661999999999649,-0.682400000000011,0.7661999999999649,0.682400000000011,0.5870624399999462,0.46566976000001503,0.08379999999995391
cddd7fc56d50e648368319e0c49ccba0b1ff10910b812231b2dd9dfeae2050cb,6.4,6.082200000000037,6.114799999999976,-0.31779999999996367,-0.28520000000002454,0.31779999999996367,0.28520000000002454,0.10099683999997691,0.081339040000014,0.03259999999993912
f0838486b2cd77463256eeb89cffea78d2748ac707b5f345e6f059c0dfeb9c4e,5.9,6.013000000000016,6.020400000000007,0.11300000000001553,0.12040000000000628,0.11300000000001553,0.12040000000000628,0.01276900000000351,0.014496160000001512,0.007399999999990747
cb05dc71be5ff89b8e0e374a64dfb2306d7873c530fc67b64a062a80da3955f8,4.8,4.861399999999972,4.828799999999997,0.061399999999972366,0.028799999999996828,0.061399999999972366,0.028799999999996828,0.0037699599999966066,0.0008294399999998173,-0.03259999999997554
3a7d74cd5e8756f99fc42b0abf58843b812fb95d705907d9bc36fdbc084a1baa,5.1,5.359933333333316,5.428400000000015,0.2599333333333167,0.32840000000001535,0.2599333333333167,0.32840000000001535,0.06756533777776913,0.10784656000001008,0.06846666666669865
ccbd69bdae4f57872bbe935d1b15699054c689e83c8f233eb902467b7b4c0df8,6.1,6.094000000000004,6.058000000000007,-0.0059999999999957865,-0.04199999999999271,0.0059999999999957865,0.04199999999999271,3.5999999999949436e-05,0.0017639999999993876,-0.03599999999999692
a72f7b320fc5f537e03414c52e95541e4db03d97eb9bc303999d676625890e71,8.0,7.555599999999998,8.068799999999968,-0.4444000000000017,0.06879999999996755,0.4444000000000017,0.06879999999996755,0.1974913600000015,0.004733439999995535,0.5131999999999692
8a6215a29a1ce9da94aeb2c19de168bcc569a23ed808a08e9032f476119f2783,4.0,4.968199999999997,4.708000000000004,0.9681999999999968,0.7080000000000037,0.9681999999999968,0.7080000000000037,0.9374112399999939,0.5012640000000053,-0.2601999999999931
1f5140077eefa05126faaace836f29fb89d363a69f381d163c7752510781a2ba,5.0,5.2776000000000325,5.325600000000006,0.2776000000000325,0.3256000000000059,0.2776000000000325,0.3256000000000059,0.07706176000001803,0.10601536000000383,0.0479999999999734
2cd1ced9c0aa7e664594acd6cbf9fd0bb251fbd7c8486af2c3abbb510f81e438,4.2,4.677200000000005,4.454400000000007,0.4772000000000052,0.2544000000000066,0.4772000000000052,0.2544000000000066,0.22771984000000495,0.06471936000000336,-0.22279999999999855
e772bc47a40878f4a2caa9ec8b4261a8da7af741b951e49e2666e43d3517b876,8.0,8.041733333333363,8.049599999999984,0.041733333333363376,0.04959999999998388,0.041733333333363376,0.04959999999998388,0.0017416711111136187,0.002460159999998401,0.007866666666620503
308f64eaea4626282398c25682b49d700850cbad8ed270fced520b4e8bfbee89,6.6,6.69179999999995,6.706800000000028,0.09179999999995037,0.1068000000000282,0.09179999999995037,0.1068000000000282,0.008427239999990887,0.011406240000006024,0.01500000000007784
a0c2683281ec679767f01f4fc18fc7f5e9f099abe42eab6fb93073861486b567,6.0,5.992199999999985,5.999600000000002,-0.007800000000014684,-0.0003999999999981796,0.007800000000014684,0.0003999999999981796,6.084000000022907e-05,1.5999999999854366e-07,0.0074000000000165045
57fc5b21f0126ea43f1f133a69edec47c30c163767bee06fd607dbb57d329da3,6.7,7.120600000000009,7.0707999999999975,0.4206000000000092,0.37079999999999735,0.4206000000000092,0.37079999999999735,0.17690436000000773,0.13749263999999803,-0.049800000000011835
d83f7de15692e882d72163ae471a561f81bd1b16c8614bfed38388db864f826f,4.2,4.352600000000014,4.480400000000001,0.15260000000001384,0.2804000000000011,0.15260000000001384,0.2804000000000011,0.023286760000004222,0.07862416000000061,0.12779999999998726
db67649946602db829fd21c7341c49d86dff8e7e8d791af478c02e15e47d5a48,7.0,6.830800000000002,6.6952000000000025,-0.16919999999999824,-0.3047999999999975,0.16919999999999824,0.3047999999999975,0.028628639999999404,0.0929030399999985,-0.13559999999999928
313fc9ddd94ac815b3ee085e8aebc1d681fe32e2527bbe8dd359641e5b493527,6.0,5.968000000000002,5.910399999999996,-0.03199999999999825,-0.08960000000000434,0.03199999999999825,0.08960000000000434,0.001023999999999888,0.008028160000000778,-0.05760000000000609
ebeb16ea5e1cff40e7373a926b52794b0287817b8f42571f8a32f87ee10d491e,5.2,4.815599999999983,5.0112000000000085,-0.3844000000000172,-0.18879999999999164,0.3844000000000172,0.18879999999999164,0.1477633600000132,0.03564543999999684,0.19560000000002553
53992ba6ab667f02cce25bb9d6dc522fd61bbf9dda21dc8b69f321652b9f1af3,5.0,5.135400000000011,5.115333333333335,0.1354000000000113,0.11533333333333484,0.1354000000000113,0.11533333333333484,0.018333160000003058,0.013301777777778126,-0.020066666666676447
914ec2d66f7ed793be780ec82c2156a0bb3d41512ec0ca702b27f02b7a4e3458,6.4,6.079399999999977,6.067599999999998,-0.32060000000002375,-0.33240000000000247,0.32060000000002375,0.33240000000000247,0.10278436000001523,0.11048976000000164,-0.011799999999978716
78bef2391031e95a311c145345fe756f66ea8e5d0d7c7cbb438d63c27df4cc55,8.5,8.4032,8.395599999999998,-0.0968,-0.10440000000000182,0.0968,0.10440000000000182,0.00937024,0.01089936000000038,-0.0076000000000018275
9383302383e173b41d2fcbf436caad73a04468232cc5e3ff22ccfebed57f6467,4.8,4.893600000000005,4.994800000000001,0.09360000000000479,0.19480000000000075,0.09360000000000479,0.19480000000000075,0.008760960000000897,0.03794704000000029,0.10119999999999596
3c5b10b791e96bab0c9a0a4b8206b810b168b56852a34db08b1dc273298fe0d5,7.2,7.080199999999977,7.1003999999999925,-0.11980000000002278,-0.09960000000000768,0.11980000000002278,0.09960000000000768,0.014352040000005457,0.00992016000000153,0.020200000000015095
3c0a683a2c8ef3762f6bb0c989055e8239cacefd3666c731cd143c829f5f7b43,8.2,8.009000000000013,7.969999999999996,-0.19099999999998651,-0.2300000000000031,0.19099999999998651,0.2300000000000031,0.03648099999999485,0.052900000000001425,-0.03900000000001658
781df14ffb83aa91308e8209c7438858dc3fd3c00ccba192c574638fa85b2e56,5.4,4.7163999999999975,4.623600000000001,-0.6836000000000029,-0.7763999999999998,0.6836000000000029,0.7763999999999998,0.46730896000000394,0.6027969599999996,-0.09279999999999688
a3295bb676b1f29ab5a748386df4cce847aa738858bc1d3b988b62195d1f4e23,8.7,8.0512,8.080400000000001,-0.6487999999999996,-0.6195999999999984,0.6487999999999996,0.6195999999999984,0.4209414399999995,0.383904159999998,0.029200000000001225
241b77495a0abde26dc877c0ee5898d13af05294024648cc66c58fd940f6ea27,5.6,5.459399999999967,5.446399999999992,-0.14060000000003292,-0.15360000000000795,0.14060000000003292,0.15360000000000795,0.01976836000000926,0.023592960000002442,-0.012999999999975032
c4c2efcf3595926521569e5ced531b0e7e0b848c83998adb54d34f2beb43727a,7.1,6.879199999999993,6.798799999999995,-0.22080000000000677,-0.301200000000005,0.22080000000000677,0.301200000000005,0.04875264000000299,0.09072144000000303,-0.08039999999999825
cc3f5c14bf90163b6f84b15fe740e4d86026d24440b45b4ece3abf8b34e2eb7a,6.1,6.163000000000004,6.356399999999986,0.06300000000000416,0.256399999999986,0.06300000000000416,0.256399999999986,0.003969000000000525,0.06574095999999281,0.1933999999999818
1fd5651f210f73e1143022fea5abc25239c97a7315015742492bf028aa73b90d,6.1,5.954400000000028,6.025200000000001,-0.14559999999997153,-0.07479999999999887,0.14559999999997153,0.07479999999999887,0.02119935999999171,0.005595039999999831,0.07079999999997266
038a632db1ede0eed6fea6f414a47496996c9017a10cf3d61dd86b22fc2293bb,6.1,6.2097999999999995,6.296800000000015,0.1097999999999999,0.19680000000001563,0.1097999999999999,0.19680000000001563,0.012056039999999978,0.038730240000006154,0.08700000000001573
39d15514710cfe67720e0bc32c384ce1fef6b360f6781b2434a1d3595621a3b8,7.2,7.478200000000054,7.921600000000004,0.2782000000000542,0.721600000000004,0.2782000000000542,0.721600000000004,0.07739524000003015,0.5207065600000058,0.44339999999994983
3bba3dcae4362dbab3859035abd730f7a7fc95d3fb80987438da67964890c651,6.0,5.819800000000018,5.84039999999999,-0.18019999999998237,-0.15960000000000996,0.18019999999998237,0.15960000000000996,0.032472039999993645,0.02547216000000318,0.020599999999972418
99e1cbf06254cea85c28914c6d9de9dbabc11d0dbc7609ab93fb89cae6d4ef6d,6.7,6.960400000000011,6.946800000000001,0.2604000000000104,0.24680000000000124,0.2604000000000104,0.24680000000000124,0.06780816000000542,0.060910240000000615,-0.01360000000000916
d5eb13f7933c3a70c2355cc64c802d9d603542505f2b972ce76fabbc9fbe47c9,5.9,5.7784000000000395,5.8964,-0.12159999999996085,-0.0036000000000004917,0.12159999999996085,0.0036000000000004917,0.014786559999990479,1.296000000000354e-05,0.11799999999996036
e25f605c6e4e49d786b15bf52b93a6528853b186fde2f45f1b8d4ca7abfdd97a,3.7,4.275199999999995,4.439199999999996,0.5751999999999944,0.7391999999999959,0.5751999999999944,0.7391999999999959,0.33085503999999355,0.5464166399999939,0.16400000000000148
39db2b09b5c41094cc095dbf5a211ddd8d4ccbb47a9be5518a6e9f81a9fe4801,4.5,4.8479999999999785,4.903199999999989,0.34799999999997855,0.40319999999998934,0.34799999999997855,0.40319999999998934,0.12110399999998507,0.1625702399999914,0.055200000000010796
5e8018fb4fd22cdee9e0beb57573f843479e296d1b2e88345ccd1983c44756df,6.4,5.952199999999998,5.956799999999999,-0.44780000000000264,-0.4432000000000009,0.44780000000000264,0.4432000000000009,0.20052484000000237,0.19642624000000083,0.004600000000001714
96548fda2db91b69334dcafcaa9290b7144eb3722202085cca9ab44be802ab23,5.1,5.122199999999999,5.1724000000000006,0.022199999999999775,0.07240000000000091,0.022199999999999775,0.07240000000000091,0.0004928399999999901,0.005241760000000132,0.05020000000000113
e3a8f9410340b604c818ac577075363020fda0135f1e8e94c6d8537552532930,9.0,9.051399999999976,9.03039999999998,0.05139999999997613,0.030399999999980665,0.05139999999997613,0.030399999999980665,0.0026419599999975463,0.0009241599999988244,-0.020999999999995467
024358a06c757db8d8deabdadf395ed28321dd13629e275feed8555b89049e06,6.2,5.3441333333333265,5.434400000000013,-0.8558666666666737,-0.7655999999999867,0.8558666666666737,0.7655999999999867,0.7325077511111231,0.5861433599999797,0.09026666666668692
f1ca447f68b2c305d6449275bed659023138ec3a3b71b0df127143d86583cd8e,7.5,7.1292,7.078000000000001,-0.3708,-0.4219999999999988,0.3708,0.4219999999999988,0.13749264000000003,0.178083999999999,-0.0511999999999988
b71caaf0a1e1022b88109a36e63620efe4a36e72d01696fe29b4597fc9afabbb,6.3,5.97840000000001,5.978399999999996,-0.32159999999998945,-0.32160000000000366,0.32159999999998945,0.32160000000000366,0.10342655999999321,0.10342656000000236,-1.4210854715202004e-14
edccd05cce0ff4f2c77c575e039455c7ab7b008c238c028a272bb4fb3b3c6649,7.6,7.6949999999999505,7.760399999999973,0.0949999999999509,0.16039999999997345,0.0949999999999509,0.16039999999997345,0.00902499999999067,0.025728159999991482,0.06540000000002255
a1609f5cbd89c87a5ddbda2f678e61b7130fd8d8c4d22333fa51c494f1137ac4,5.0,4.804199999999976,5.000799999999997,-0.19580000000002418,0.0007999999999972474,0.19580000000002418,0.0007999999999972474,0.03833764000000947,6.399999999955958e-07,0.19660000000002142
6463ba79f34566399b3e86add6f48037b9fac4dfc7f3c7bc975302836a579d59,6.0,5.848399999999989,5.857600000000015,-0.15160000000001084,-0.1423999999999852,0.15160000000001084,0.1423999999999852,0.022982560000003285,0.020277759999995787,0.009200000000025632
363c6750345b9898ee2723d397d4eb2147efbc7ba35faf707d402bd8e0527948,6.9,7.1402000000000045,7.172000000000001,0.2402000000000042,0.27200000000000024,0.2402000000000042,0.27200000000000024,0.05769604000000201,0.07398400000000013,0.031799999999996054
b7baefcd3ded9fe505bb5050e168b315608c84ba374b749a7e895a6ff2123900,4.2,4.320000000000005,4.349600000000001,0.12000000000000455,0.1496000000000004,0.12000000000000455,0.1496000000000004,0.01440000000000109,0.02238016000000012,0.029599999999995852
c042b9e39902dbb7343764250b030d5338a558d0f23f9a7fba4efd09f7d3170b,4.2,4.490199999999976,4.472399999999992,0.2901999999999756,0.2723999999999922,0.2901999999999756,0.2723999999999922,0.08421603999998584,0.07420175999999576,-0.017799999999983385
f2e3952246d3a1678bb667e0e5d1ac0d0f637b60c6c1a3d197bd718d45d1d3f5,5.0,4.967999999999973,4.994000000000005,-0.032000000000026674,-0.005999999999994898,0.032000000000026674,0.005999999999994898,0.0010240000000017071,3.599999999993878e-05,0.026000000000031775
5c704e6d8daadcdc906fac69e5481e7038b04846abe8581320953da7c98a94c8,4.8,5.129600000000009,5.147599999999999,0.329600000000009,0.347599999999999,0.329600000000009,0.347599999999999,0.10863616000000594,0.12082575999999932,0.017999999999990024
2b33fae1624098933f69603ad7ca3ed50e0b400d6d2e625e87cc1b941855fbc1,4.2,4.2955333333333225,4.295200000000002,0.09553333333332237,0.09520000000000195,0.09553333333332237,0.09520000000000195,0.009126617777775682,0.009063040000000371,-0.00033333333332041803
8635725e8facf096b0ea3bd844aff192e9bec88ce8c42f90fef55fe7646dba2d,4.9,5.012799999999996,4.978800000000004,0.11279999999999557,0.07880000000000376,0.11279999999999557,0.07880000000000376,0.012723839999999001,0.006209440000000592,-0.033999999999991815
0e29372cdede7043ed8d5341694f3b6a453f6b652fbf66b131e20267512bef8d,8.3,8.041999999999994,8.043400000000004,-0.2580000000000062,-0.25659999999999705,0.2580000000000062,0.25659999999999705,0.06656400000000322,0.06584355999999848,0.0014000000000091717
