Method,Nominal_Coverage,Empirical_Coverage,Coverage_Error,Mean_Width,Median_Width,Point_RMSE,Computational_Cost,Recommendation
Fixed Residual Quantile,0.8,0.814,0.013999999999999901,0.8689600000000365,0.8689600000000365,0.3596406426799059,<0.01 s,Baseline Only
Split Conformal (MAPIE),0.8,0.814,0.013999999999999901,0.8695999999999806,0.8695999999999806,0.3596406426799059,0.376 s,Validated
Quantile Regression (GBR),0.8,0.764,0.03600000000000003,1.5201646819585877,1.5150864264282995,0.4485,3.29 s,Under-Covered
Conformalized Quantile Regressor (CQR),0.8,0.791,0.009000000000000008,1.7617349826660116,1.813627980061939,0.4485,5.37 s,Too Wide / Ill-Sorted
Fixed Residual Quantile,0.9,0.906,0.006000000000000005,1.274440000000008,1.274440000000008,0.3596406426799059,<0.01 s,Baseline Only
Split Conformal (MAPIE),0.9,0.911,0.01100000000000001,1.2891999999999957,1.2891999999999957,0.3596406426799059,0.376 s,RECOMMENDED (Winner)
Quantile Regression (GBR),0.9,0.875,0.025000000000000022,1.9141017839683307,1.8515373718424235,0.4485,3.29 s,Under-Covered
Conformalized Quantile Regressor (CQR),0.9,0.888,0.01200000000000001,2.2189485851347452,2.289963658311943,0.4485,5.37 s,Too Wide / Ill-Sorted
Fixed Residual Quantile,0.95,0.947,0.0030000000000000027,1.704099999999969,1.704099999999969,0.3596406426799059,<0.01 s,Baseline Only
Split Conformal (MAPIE),0.95,0.947,0.0030000000000000027,1.7060000000000115,1.706000000000012,0.3596406426799059,0.376 s,Validated
Quantile Regression (GBR),0.95,0.927,0.02299999999999991,2.2351854360021353,2.110851619185869,0.4485,3.29 s,Under-Covered
Conformalized Quantile Regressor (CQR),0.95,0.959,0.009000000000000008,2.67609232629565,2.7695241109707758,0.4485,5.37 s,Too Wide / Ill-Sorted
