subgroup_dimension,subgroup_cohort,verified_sample_size,champion_mae,candidate_mae,champion_rmse,candidate_rmse,champion_90_coverage,candidate_90_coverage,status
Gender,Female,0,DATA_NOT_AVAILABLE,DATA_NOT_AVAILABLE,DATA_NOT_AVAILABLE,DATA_NOT_AVAILABLE,DATA_NOT_AVAILABLE,DATA_NOT_AVAILABLE,NO_REAL_PRODUCTION_OBSERVATIONS_AVAILABLE
Gender,Male,0,DATA_NOT_AVAILABLE,DATA_NOT_AVAILABLE,DATA_NOT_AVAILABLE,DATA_NOT_AVAILABLE,DATA_NOT_AVAILABLE,DATA_NOT_AVAILABLE,NO_REAL_PRODUCTION_OBSERVATIONS_AVAILABLE
Gender,Other,0,DATA_NOT_AVAILABLE,DATA_NOT_AVAILABLE,DATA_NOT_AVAILABLE,DATA_NOT_AVAILABLE,DATA_NOT_AVAILABLE,DATA_NOT_AVAILABLE,NO_REAL_PRODUCTION_OBSERVATIONS_AVAILABLE
Academic_Level,Undergraduate,0,DATA_NOT_AVAILABLE,DATA_NOT_AVAILABLE,DATA_NOT_AVAILABLE,DATA_NOT_AVAILABLE,DATA_NOT_AVAILABLE,DATA_NOT_AVAILABLE,NO_REAL_PRODUCTION_OBSERVATIONS_AVAILABLE
Academic_Level,Graduate,0,DATA_NOT_AVAILABLE,DATA_NOT_AVAILABLE,DATA_NOT_AVAILABLE,DATA_NOT_AVAILABLE,DATA_NOT_AVAILABLE,DATA_NOT_AVAILABLE,NO_REAL_PRODUCTION_OBSERVATIONS_AVAILABLE
Academic_Level,High School,0,DATA_NOT_AVAILABLE,DATA_NOT_AVAILABLE,DATA_NOT_AVAILABLE,DATA_NOT_AVAILABLE,DATA_NOT_AVAILABLE,DATA_NOT_AVAILABLE,NO_REAL_PRODUCTION_OBSERVATIONS_AVAILABLE
Stress_Level,Low,0,DATA_NOT_AVAILABLE,DATA_NOT_AVAILABLE,DATA_NOT_AVAILABLE,DATA_NOT_AVAILABLE,DATA_NOT_AVAILABLE,DATA_NOT_AVAILABLE,NO_REAL_PRODUCTION_OBSERVATIONS_AVAILABLE
Stress_Level,Medium,0,DATA_NOT_AVAILABLE,DATA_NOT_AVAILABLE,DATA_NOT_AVAILABLE,DATA_NOT_AVAILABLE,DATA_NOT_AVAILABLE,DATA_NOT_AVAILABLE,NO_REAL_PRODUCTION_OBSERVATIONS_AVAILABLE
Stress_Level,High,0,DATA_NOT_AVAILABLE,DATA_NOT_AVAILABLE,DATA_NOT_AVAILABLE,DATA_NOT_AVAILABLE,DATA_NOT_AVAILABLE,DATA_NOT_AVAILABLE,NO_REAL_PRODUCTION_OBSERVATIONS_AVAILABLE
Most_Used_Platform,Instagram,0,DATA_NOT_AVAILABLE,DATA_NOT_AVAILABLE,DATA_NOT_AVAILABLE,DATA_NOT_AVAILABLE,DATA_NOT_AVAILABLE,DATA_NOT_AVAILABLE,NO_REAL_PRODUCTION_OBSERVATIONS_AVAILABLE
Most_Used_Platform,YouTube,0,DATA_NOT_AVAILABLE,DATA_NOT_AVAILABLE,DATA_NOT_AVAILABLE,DATA_NOT_AVAILABLE,DATA_NOT_AVAILABLE,DATA_NOT_AVAILABLE,NO_REAL_PRODUCTION_OBSERVATIONS_AVAILABLE
Most_Used_Platform,TikTok,0,DATA_NOT_AVAILABLE,DATA_NOT_AVAILABLE,DATA_NOT_AVAILABLE,DATA_NOT_AVAILABLE,DATA_NOT_AVAILABLE,DATA_NOT_AVAILABLE,NO_REAL_PRODUCTION_OBSERVATIONS_AVAILABLE
Purpose_Of_Use,Academics,0,DATA_NOT_AVAILABLE,DATA_NOT_AVAILABLE,DATA_NOT_AVAILABLE,DATA_NOT_AVAILABLE,DATA_NOT_AVAILABLE,DATA_NOT_AVAILABLE,NO_REAL_PRODUCTION_OBSERVATIONS_AVAILABLE
Purpose_Of_Use,Entertainment,0,DATA_NOT_AVAILABLE,DATA_NOT_AVAILABLE,DATA_NOT_AVAILABLE,DATA_NOT_AVAILABLE,DATA_NOT_AVAILABLE,DATA_NOT_AVAILABLE,NO_REAL_PRODUCTION_OBSERVATIONS_AVAILABLE
Purpose_Of_Use,Social,0,DATA_NOT_AVAILABLE,DATA_NOT_AVAILABLE,DATA_NOT_AVAILABLE,DATA_NOT_AVAILABLE,DATA_NOT_AVAILABLE,DATA_NOT_AVAILABLE,NO_REAL_PRODUCTION_OBSERVATIONS_AVAILABLE
