trial_number,n_estimators,max_depth,min_samples_split,min_samples_leaf,max_features,cv_rmse,cv_mae,cv_r2,cv_r2_std,train_r2,train_cv_gap,duration,rank
34,500,None,2,1,sqrt,0.3765113638792527,0.2684860017388534,0.9110063413694472,0.0035251884690408707,0.999989750921325,0.08898340955187778,4.0110883712768555,1
36,500,None,2,1,sqrt,0.37651136387925277,0.2684860017388534,0.9110063413694472,0.0035251884690408707,0.999989750921325,0.08898340955187778,4.052077770233154,2
45,350,None,2,1,sqrt,0.37671376319798405,0.2685795005339363,0.9108919751159519,0.003635876920372697,0.9999896981206688,0.08909772300471697,2.119978189468384,3
43,400,None,2,1,sqrt,0.3768352240446212,0.26865541634138923,0.9108401938162111,0.0035393764116758994,0.9999897248064904,0.08914953099027934,2.44099760055542,4
42,400,None,2,1,sqrt,0.3768352240446212,0.26865541634138923,0.9108401938162111,0.0035393764116758994,0.9999897248064904,0.08914953099027934,2.4969377517700195,5
44,300,None,2,1,sqrt,0.3770378022293791,0.26866852168844463,0.9107423470168918,0.0037435926966428476,0.9999896902027682,0.08924734318587635,1.9525082111358643,6
14,450,40,2,1,0.5,0.37712396175034607,0.26880665278936544,0.9106914545208117,0.0038139080192183847,0.9999898026368709,0.08929834811605919,4.6350696086883545,7
22,450,None,2,1,0.5,0.37712396175034607,0.26880665278936544,0.9106914545208118,0.0038139080192184168,0.9999898026368709,0.08929834811605908,4.712208032608032,8
17,450,None,2,1,0.5,0.37712396175034607,0.26880665278936544,0.9106914545208118,0.0038139080192184168,0.9999898026368709,0.08929834811605908,4.802848815917969,9
32,450,None,2,1,0.5,0.37712396175034607,0.26880665278936544,0.9106914545208118,0.0038139080192184168,0.9999898026368709,0.08929834811605908,4.698018789291382,10
16,450,None,2,1,0.5,0.37712396175034607,0.26880665278936544,0.9106914545208118,0.0038139080192184168,0.9999898026368709,0.08929834811605908,4.6533637046813965,11
10,250,40,2,1,sqrt,0.3775397237589432,0.26912345112298114,0.9105039591936743,0.003703844921853199,0.9999896998686643,0.08948574067498993,2.1672842502593994,12
12,300,40,2,1,0.5,0.3777431280058029,0.2692020507318173,0.9103979218485435,0.0036055898945805106,0.9999898061055934,0.08959188425704989,3.2030844688415527,13
9,200,40,2,1,sqrt,0.377761955252028,0.2693269263955319,0.9104003393330636,0.003687530592465508,0.9999896671806462,0.08958932784758256,1.843606948852539,14
27,500,20,2,1,0.7,0.3852691950560187,0.2748568575364053,0.9067741930340777,0.005455038604033091,0.9991275658196188,0.09235337278554112,5.475386142730713,15
18,450,40,2,1,1.0,0.3874502853555567,0.27559382311222275,0.9056652994522285,0.0067630855151182044,0.9999898092686504,0.09432450981642193,6.4987170696258545,16
0,100,None,2,1,1.0,0.388058032278131,0.27633929693366727,0.9053677923127829,0.006917475904613566,0.9999898027800307,0.09462201046724783,1.711672067642212,17
24,350,None,4,1,0.5,0.39012492043547864,0.2795070695914533,0.9044442696346126,0.004448419292170059,0.9948916089949276,0.09044733936031502,3.2742555141448975,18
35,500,None,4,1,1.0,0.3939656885749346,0.2811556612327903,0.9024812190255501,0.006669331856367038,0.9970490532464237,0.09456783422087356,6.105967044830322,19
41,450,None,4,1,sqrt,0.40367248533726574,0.2938508171265815,0.8977440070766409,0.002623962661634411,0.9877204666249889,0.08997645954834799,2.528700828552246,20
13,350,40,4,1,sqrt,0.40393982066916106,0.29404509616548713,0.8976091010180836,0.002858225015829258,0.9877441341370032,0.09013503311891968,2.8850371837615967,21
11,200,40,4,1,sqrt,0.4045619207365494,0.29458042708072596,0.8972789841631604,0.0031104609966155538,0.9877157777363629,0.09043679357320245,1.9733262062072754,22
20,500,25,6,1,0.5,0.40596070331475326,0.2958288325273447,0.896537788630462,0.0048943901534871815,0.9857508917221236,0.08921310309166164,4.601275682449341,23
28,400,20,6,1,0.5,0.4102608434496785,0.2996591757156244,0.89433662385504,0.005439865880859427,0.9830010920733784,0.0886644682183384,3.4531288146972656,24
23,400,25,2,2,0.5,0.41714612579623156,0.3052640058468432,0.8907703231547964,0.005795855815266826,0.9839652815064164,0.09319495835161995,3.555358648300171,25
26,500,None,8,3,0.5,0.45586903834195625,0.34284363688073843,0.8695794663931299,0.007031918585860435,0.9552057388858788,0.0856262724927489,4.037925720214844,26
31,450,15,10,1,0.5,0.45867794665702766,0.3452856191067116,0.8679154831233591,0.008220766256783455,0.941737048272908,0.07382156514954896,3.3738815784454346,27
40,450,15,2,1,sqrt,0.46226250836427285,0.34468372374465794,0.8658698245069483,0.006213432438644948,0.936478083920619,0.07060825941367077,2.516551971435547,28
49,400,None,2,4,0.7,0.46577784349487883,0.3512944921940688,0.863831715321228,0.008261163573756053,0.9494175193576182,0.08558580403639016,2.7317795753479004,29
3,200,20,4,4,0.7,0.46692227288508636,0.3521754196162453,0.863155032769653,0.008253571845392186,0.9488363176172205,0.08568128484756754,1.8368432521820068,30
15,500,30,2,4,0.5,0.4731159632146821,0.3592814129013486,0.8595205388242315,0.007828774252492001,0.9409343956913436,0.08141385686711211,4.063622951507568,31
29,300,None,2,4,0.5,0.47315862384866947,0.35968270521016316,0.8594945639854605,0.007704409314386036,0.9408375970386946,0.08134303305323409,2.4548556804656982,32
46,400,None,10,1,sqrt,0.4742389398545674,0.3603147909024277,0.8589051251826515,0.005241538338128112,0.9358593751248515,0.07695424994220001,2.2623229026794434,33
6,450,30,10,2,sqrt,0.4999161676821857,0.38231352226245685,0.8432306384753359,0.00631541614134012,0.9155900060095993,0.07235936753426342,3.1287660598754883,34
21,450,None,2,6,0.7,0.5001979887737724,0.38323991567237925,0.8429581280950231,0.009745151313844678,0.9170453612673732,0.07408723317235011,4.012332201004028,35
8,350,20,4,6,0.7,0.500511741476805,0.383422567952609,0.8427588992735139,0.009754254009124583,0.9167908787201039,0.07403197944659001,3.08017635345459,36
1,250,None,8,6,0.5,0.5073218034274936,0.3908643737346487,0.8384783363728168,0.008992021563341406,0.907451280678437,0.06897294430562018,1.9771926403045654,37
25,350,30,2,6,0.5,0.5079202787612426,0.3910767002640735,0.8380916675615466,0.008886322932306222,0.907530207763189,0.06943854020164242,2.7245442867279053,38
48,400,None,2,3,sqrt,0.5094597254937026,0.39040787545087535,0.8371723000339027,0.006296232018122706,0.9078277092489898,0.07065540921508706,2.234416961669922,39
38,450,None,6,3,sqrt,0.5096116887029345,0.39047334253659366,0.8370753348610089,0.0063219893917741765,0.9078700848144636,0.0707947499534547,2.825753927230835,40
33,500,None,2,8,0.5,0.5292885689304796,0.4110971824814783,0.8241960400764745,0.00896876068655139,0.884259911818989,0.060063871742514485,3.833564519882202,41
19,400,40,8,8,0.5,0.52949217922197,0.41123203961194577,0.8240632381245699,0.00910477628771984,0.884283518874039,0.06022028074946906,3.220811128616333,42
37,500,15,2,3,sqrt,0.5333385468187762,0.4106603629223077,0.8215426023110531,0.0070607584494892595,0.8767650169346699,0.05522241462361677,3.6395230293273926,43
2,250,10,8,3,0.5,0.5337682222333969,0.41208161032581875,0.8211686912942989,0.01056450428076247,0.8669509430830137,0.045782251788714756,1.9725348949432373,44
5,400,10,10,3,0.5,0.5354658576162425,0.41375885644198995,0.8200334384141588,0.010108447952992535,0.8637035586263765,0.04367012021221772,2.742274045944214,45
7,250,None,10,4,sqrt,0.5364046729934961,0.4148672455975443,0.8194944114811129,0.007068728324507319,0.8791513240676265,0.05965691258651362,2.064391613006592,46
4,500,20,8,6,sqrt,0.5638748969781853,0.44004150435811284,0.8005399371209038,0.007715970229660215,0.8478855981991835,0.047345661078279755,3.3500866889953613,47
47,400,10,2,1,sqrt,0.5728338194892884,0.4453266726347847,0.7941119418162824,0.00868575571161054,0.823550210252118,0.029438268435835635,2.2097678184509277,48
39,500,10,2,1,sqrt,0.5731327551391873,0.44547296522744595,0.7938918996825741,0.008418062065385392,0.8239736683935112,0.03008176871093704,2.8236985206604004,49
30,400,20,2,8,sqrt,0.5799116432406702,0.4545981006837418,0.7890290615211638,0.008071112035438309,0.8281510553078724,0.03912199378670855,3.030576229095459,50
