index,actual_score,point_prediction,lower_bound,upper_bound,interval_width,covered
0,5.3,4.787999999999997,4.143399999999999,5.4325999999999945,1.2891999999999957,True
1,5.8,5.849999999999991,5.205399999999993,6.494599999999989,1.2891999999999957,True
2,3.8,4.102199999999997,3.4575999999999993,4.746799999999995,1.2891999999999957,True
3,5.6,5.502200000000011,4.857600000000013,6.146800000000009,1.2891999999999957,True
4,7.5,7.146199999999994,6.501599999999996,7.790799999999992,1.2891999999999957,True
5,6.1,5.860000000000009,5.215400000000011,6.504600000000007,1.2891999999999957,True
6,5.7,5.352399999999999,4.7078000000000015,5.996999999999997,1.2891999999999957,True
7,6.8,6.809600000000001,6.165000000000004,7.454199999999999,1.2891999999999957,True
8,7.1,6.8580000000000165,6.213400000000019,7.502600000000014,1.2891999999999957,True
9,5.0,4.8324000000000025,4.187800000000005,5.477,1.2891999999999957,True
10,5.8,5.847400000000003,5.202800000000005,6.492000000000001,1.2891999999999957,True
11,6.5,6.208799999999966,5.5641999999999685,6.853399999999964,1.2891999999999957,True
12,6.9,6.853200000000036,6.208600000000038,7.4978000000000335,1.2891999999999957,True
13,5.0,4.979200000000006,4.334600000000008,5.623800000000004,1.2891999999999957,True
14,6.4,6.002000000000003,5.3574000000000055,6.646600000000001,1.2891999999999957,True
15,6.6,6.605999999999954,5.961399999999956,7.2505999999999515,1.2891999999999957,True
16,5.4,5.439199999999998,4.7946,6.083799999999996,1.2891999999999957,True
17,3.8,4.312599999999985,3.667999999999987,4.9571999999999825,1.2891999999999957,True
18,6.1,5.91599999999996,5.271399999999963,6.560599999999958,1.2891999999999957,True
19,8.3,8.265800000000041,7.6212000000000435,8.910400000000038,1.2891999999999948,True
20,8.8,8.72260000000006,8.078000000000063,9.367200000000057,1.289199999999994,True
21,7.4,8.076800000000004,7.432200000000006,8.721400000000003,1.2891999999999966,False
22,5.7,5.494799999999994,4.8501999999999965,6.139399999999992,1.2891999999999957,True
23,4.3,4.46099999999999,3.816399999999992,5.1055999999999875,1.2891999999999957,True
24,4.7,5.007999999999999,4.363400000000001,5.652599999999997,1.2891999999999957,True
25,6.7,6.340799999999998,5.6962,6.985399999999996,1.2891999999999957,True
26,5.6,5.9171999999999745,5.272599999999977,6.561799999999972,1.2891999999999957,True
27,6.0,6.373399999999992,5.728799999999994,7.01799999999999,1.2891999999999957,True
28,6.9,7.0027999999999935,6.358199999999996,7.647399999999991,1.2891999999999957,True
29,7.0,7.89099999999999,7.246399999999992,8.535599999999988,1.2891999999999957,False
30,7.9,7.820000000000029,7.175400000000031,8.464600000000026,1.2891999999999948,True
31,4.5,4.799999999999998,4.1554,5.444599999999996,1.2891999999999957,True
32,7.7,7.717199999999954,7.072599999999956,8.361799999999953,1.2891999999999966,True
33,4.8,4.785200000000004,4.140600000000006,5.429800000000002,1.2891999999999957,True
34,8.7,8.459599999999982,7.814999999999984,9.104199999999981,1.2891999999999966,True
35,4.3,4.6356,3.9910000000000023,5.280199999999998,1.2891999999999957,True
36,6.7,6.343799999999997,5.699199999999999,6.988399999999995,1.2891999999999957,True
37,8.0,7.8972000000000175,7.25260000000002,8.541800000000016,1.2891999999999966,True
38,4.6,4.645999999999991,4.001399999999993,5.290599999999989,1.2891999999999957,True
39,7.1,7.8113999999999795,7.166799999999982,8.455999999999978,1.2891999999999966,False
40,7.1,6.938599999999994,6.293999999999996,7.583199999999992,1.2891999999999957,True
41,6.7,6.895400000000034,6.250800000000036,7.540000000000032,1.2891999999999957,True
42,5.0,5.161799999999989,4.517199999999991,5.806399999999987,1.2891999999999957,True
43,5.0,4.984799999999963,4.340199999999965,5.62939999999996,1.2891999999999957,True
44,7.2,7.2375999999999685,6.592999999999971,7.882199999999966,1.2891999999999957,True
45,6.0,6.05199999999999,5.407399999999992,6.696599999999988,1.2891999999999957,True
46,6.6,6.6639999999999615,6.019399999999964,7.308599999999959,1.2891999999999957,True
47,6.0,5.805600000000013,5.161000000000016,6.450200000000011,1.2891999999999957,True
48,4.9,5.021800000000002,4.377200000000004,5.666399999999999,1.2891999999999957,True
49,6.0,5.777600000000022,5.133000000000024,6.42220000000002,1.2891999999999957,True
50,8.6,8.638000000000039,7.993400000000041,9.282600000000038,1.2891999999999966,True
51,5.2,5.779400000000013,5.134800000000015,6.424000000000011,1.2891999999999957,True
52,8.7,8.161600000000057,7.517000000000059,8.806200000000054,1.2891999999999948,True
53,7.0,6.493799999999989,5.849199999999991,7.1383999999999865,1.2891999999999957,True
54,5.0,4.766600000000002,4.122000000000004,5.4112,1.2891999999999957,True
55,7.8,7.988600000000015,7.344000000000017,8.633200000000013,1.2891999999999957,True
56,5.4,5.173999999999989,4.529399999999991,5.818599999999987,1.2891999999999957,True
57,6.1,6.186799999999995,5.542199999999998,6.831399999999993,1.2891999999999957,True
58,6.9,6.445600000000018,5.801000000000021,7.090200000000016,1.2891999999999957,True
59,6.3,6.609200000000012,5.964600000000014,7.25380000000001,1.2891999999999957,True
60,5.8,5.866999999999997,5.2223999999999995,6.511599999999995,1.2891999999999957,True
61,5.2,5.173199999999996,4.528599999999998,5.817799999999994,1.2891999999999957,True
62,8.2,7.599999999999989,6.955399999999991,8.244599999999988,1.2891999999999966,True
63,7.5,8.026199999999966,7.381599999999968,8.670799999999964,1.2891999999999966,True
64,4.5,4.684599999999981,4.039999999999983,5.329199999999979,1.2891999999999957,True
65,7.7,7.867200000000045,7.222600000000047,8.511800000000044,1.2891999999999966,True
66,8.0,7.822399999999943,7.177799999999945,8.466999999999942,1.2891999999999966,True
67,7.8,7.776266666666709,7.131666666666711,8.420866666666708,1.2891999999999966,True
68,4.9,4.8706000000000085,4.226000000000011,5.515200000000006,1.2891999999999957,True
69,5.1,4.921800000000001,4.277200000000003,5.566399999999999,1.2891999999999957,True
70,5.1,5.28640000000003,4.641800000000032,5.931000000000028,1.2891999999999957,True
71,6.0,5.815599999999993,5.170999999999995,6.460199999999991,1.2891999999999957,True
72,7.2,7.109399999999953,6.464799999999955,7.753999999999951,1.2891999999999957,True
73,6.0,6.049599999999997,5.404999999999999,6.694199999999995,1.2891999999999957,True
74,6.6,6.585800000000028,5.9412000000000305,7.230400000000026,1.2891999999999957,True
75,4.9,4.967400000000003,4.322800000000005,5.612000000000001,1.2891999999999957,True
76,7.9,7.8816,7.237000000000002,8.526199999999998,1.2891999999999957,True
77,4.1,4.347399999999969,3.7027999999999714,4.991999999999967,1.2891999999999957,True
78,8.1,7.788000000000039,7.1434000000000415,8.432600000000036,1.2891999999999948,True
79,4.7,4.936800000000014,4.292200000000016,5.581400000000012,1.2891999999999957,True
80,8.0,7.653799999999991,7.009199999999993,8.298399999999988,1.2891999999999957,True
81,5.9,5.3920000000000075,4.74740000000001,6.036600000000005,1.2891999999999957,True
82,6.0,5.796399999999988,5.15179999999999,6.440999999999986,1.2891999999999957,True
83,4.1,5.667799999999978,5.023199999999981,6.312399999999976,1.2891999999999957,False
84,6.0,6.356600000000014,5.712000000000016,7.001200000000011,1.2891999999999957,True
85,5.3,7.171799999999985,6.527199999999987,7.816399999999983,1.2891999999999957,False
86,3.9,4.481800000000008,3.83720000000001,5.126400000000006,1.2891999999999957,True
87,6.2,6.447600000000043,5.803000000000045,7.092200000000041,1.2891999999999957,True
88,4.0,4.271999999999995,3.627399999999997,4.916599999999993,1.2891999999999957,True
89,4.8,4.967399999999999,4.322800000000001,5.6119999999999965,1.2891999999999957,True
90,5.3,5.288600000000024,4.644000000000026,5.933200000000022,1.2891999999999957,True
91,8.2,8.090199999999962,7.445599999999964,8.73479999999996,1.2891999999999966,True
92,4.8,5.006999999999999,4.362400000000001,5.651599999999997,1.2891999999999957,True
93,8.2,8.061599999999974,7.416999999999976,8.70619999999997,1.2891999999999948,True
94,4.9,5.023400000000007,4.378800000000009,5.668000000000005,1.2891999999999957,True
95,8.0,7.567000000000012,6.922400000000014,8.21160000000001,1.2891999999999957,True
96,8.4,8.168600000000039,7.524000000000041,8.813200000000037,1.2891999999999966,True
97,4.3,4.758400000000017,4.113800000000019,5.403000000000015,1.2891999999999957,True
98,6.0,5.9297999999999975,5.2852,6.574399999999995,1.2891999999999957,True
99,7.9,8.045200000000005,7.400600000000007,8.689800000000002,1.2891999999999948,True
100,5.0,4.810400000000003,4.165800000000005,5.455000000000001,1.2891999999999957,True
101,6.8,6.9332,6.288600000000002,7.577799999999998,1.2891999999999957,True
102,4.7,5.306600000000004,4.662000000000006,5.951200000000002,1.2891999999999957,True
103,6.7,6.467066666666679,5.822466666666681,7.111666666666677,1.2891999999999957,True
104,6.3,6.285600000000037,5.641000000000039,6.930200000000035,1.2891999999999957,True
105,6.7,6.794200000000002,6.149600000000004,7.4388,1.2891999999999957,True
106,8.0,7.8426000000000435,7.198000000000046,8.48720000000004,1.2891999999999948,True
107,6.0,5.892000000000041,5.247400000000043,6.536600000000039,1.2891999999999957,True
108,8.0,7.862400000000011,7.217800000000013,8.507000000000009,1.2891999999999957,True
109,8.0,7.756200000000021,7.111600000000023,8.400800000000018,1.2891999999999948,True
110,9.1,7.739000000000015,7.094400000000017,8.383600000000012,1.2891999999999948,False
111,5.0,5.105799999999997,4.461199999999999,5.750399999999995,1.2891999999999957,True
112,7.0,6.503200000000006,5.858600000000008,7.147800000000004,1.2891999999999957,True
113,4.0,4.5266000000000055,3.8820000000000077,5.171200000000003,1.2891999999999957,True
114,5.9,6.016460000000003,5.371860000000005,6.661060000000001,1.2891999999999957,True
115,5.3,5.447200000000001,4.8026000000000035,6.091799999999999,1.2891999999999957,True
116,7.7,7.817200000000005,7.172600000000007,8.461800000000004,1.2891999999999966,True
117,7.1,6.94760000000002,6.303000000000022,7.592200000000018,1.2891999999999957,True
118,5.7,6.068599999999997,5.4239999999999995,6.713199999999995,1.2891999999999957,True
119,8.0,8.048800000000007,7.404200000000009,8.693400000000004,1.2891999999999948,True
120,5.0,5.3922000000000025,4.747600000000005,6.0368,1.2891999999999957,True
121,4.5,4.641600000000001,3.9970000000000034,5.286199999999999,1.2891999999999957,True
122,8.0,8.067600000000018,7.4230000000000205,8.712200000000017,1.2891999999999966,True
123,4.3,4.615599999999997,3.970999999999999,5.260199999999995,1.2891999999999957,True
124,5.4,5.767400000000027,5.122800000000029,6.412000000000025,1.2891999999999957,True
125,5.0,5.147400000000003,4.502800000000005,5.792000000000001,1.2891999999999957,True
126,4.4,4.875999999999993,4.231399999999995,5.520599999999991,1.2891999999999957,True
127,4.9,5.106199999999999,4.461600000000002,5.750799999999997,1.2891999999999957,True
128,4.6,5.163399999999999,4.5188000000000015,5.807999999999997,1.2891999999999957,True
129,6.0,5.897800000000009,5.253200000000011,6.542400000000007,1.2891999999999957,True
130,8.3,7.518599999999996,6.873999999999998,8.163199999999993,1.2891999999999948,False
131,7.5,7.752399999999963,7.1077999999999655,8.396999999999961,1.2891999999999957,True
132,6.0,6.100999999999997,5.4563999999999995,6.745599999999995,1.2891999999999957,True
133,6.0,5.827600000000048,5.1830000000000505,6.472200000000046,1.2891999999999957,True
134,5.2,5.159600000000015,4.515000000000017,5.804200000000013,1.2891999999999957,True
135,7.0,6.696400000000037,6.051800000000039,7.341000000000035,1.2891999999999957,True
136,6.0,6.132199999999997,5.4876,6.776799999999995,1.2891999999999957,True
137,6.0,5.927600000000034,5.283000000000036,6.572200000000032,1.2891999999999957,True
138,8.6,8.208399999999962,7.563799999999964,8.852999999999959,1.2891999999999948,True
139,8.5,8.222800000000012,7.578200000000014,8.86740000000001,1.2891999999999966,True
140,5.0,4.978999999999986,4.334399999999988,5.623599999999984,1.2891999999999957,True
141,8.9,8.419999999999993,7.775399999999995,9.064599999999992,1.2891999999999966,True
142,5.9,5.905199999999998,5.2606,6.549799999999996,1.2891999999999957,True
143,6.0,6.0778000000000105,5.433200000000013,6.722400000000008,1.2891999999999957,True
144,6.0,6.299999999999966,5.655399999999968,6.944599999999964,1.2891999999999957,True
145,8.0,7.788600000000008,7.14400000000001,8.433200000000006,1.2891999999999966,True
146,8.4,8.346399999999988,7.701799999999991,8.990999999999985,1.2891999999999948,True
147,6.1,5.977999999999999,5.333400000000001,6.622599999999997,1.2891999999999957,True
148,8.4,7.425000000000034,6.780400000000036,8.069600000000031,1.2891999999999957,False
149,6.2,6.1356000000000055,5.491000000000008,6.780200000000003,1.2891999999999957,True
150,5.2,5.391300000000019,4.746700000000021,6.035900000000017,1.2891999999999957,True
151,5.0,4.724999999999997,4.080399999999999,5.369599999999995,1.2891999999999957,True
152,7.1,7.481500000000029,6.836900000000031,8.126100000000026,1.2891999999999948,True
153,5.6,5.194999999999996,4.550399999999998,5.839599999999994,1.2891999999999957,True
154,7.3,7.022200000000039,6.377600000000041,7.666800000000037,1.2891999999999957,True
155,7.0,7.059400000000005,6.414800000000007,7.704000000000002,1.2891999999999957,True
156,5.0,5.203600000000005,4.559000000000007,5.848200000000003,1.2891999999999957,True
157,6.7,6.265800000000012,5.621200000000014,6.91040000000001,1.2891999999999957,True
158,6.5,7.099599999999989,6.454999999999991,7.744199999999987,1.2891999999999957,True
159,5.1,4.885800000000044,4.241200000000046,5.530400000000042,1.2891999999999957,True
160,6.7,6.417000000000036,5.772400000000038,7.061600000000034,1.2891999999999957,True
161,5.5,5.164800000000002,4.520200000000004,5.8094,1.2891999999999957,True
162,9.2,8.530400000000004,7.885800000000006,9.175,1.2891999999999948,False
163,7.1,6.116800000000011,5.472200000000013,6.761400000000009,1.2891999999999957,False
164,4.0,4.597400000000003,3.952800000000005,5.242000000000001,1.2891999999999957,True
165,5.1,5.040799999999989,4.3961999999999914,5.685399999999987,1.2891999999999957,True
166,6.0,5.729600000000006,5.085000000000008,6.374200000000004,1.2891999999999957,True
167,7.1,6.059800000000008,5.41520000000001,6.704400000000006,1.2891999999999957,False
168,7.1,6.870999999999997,6.226399999999999,7.515599999999995,1.2891999999999957,True
169,5.6,5.739200000000031,5.0946000000000335,6.383800000000029,1.2891999999999957,True
170,7.0,6.979999999999995,6.335399999999997,7.624599999999993,1.2891999999999957,True
171,4.4,4.807200000000003,4.162600000000005,5.4518,1.2891999999999957,True
172,6.2,5.548400000000005,4.9038000000000075,6.193000000000003,1.2891999999999957,False
173,5.6,5.985363636363632,5.340763636363634,6.629963636363629,1.2891999999999957,True
174,8.5,8.338399999999972,7.693799999999974,8.982999999999969,1.2891999999999948,True
175,6.3,6.619200000000032,5.974600000000034,7.26380000000003,1.2891999999999957,True
176,8.3,8.088400000000044,7.443800000000047,8.733000000000043,1.2891999999999966,True
177,7.9,7.872600000000004,7.228000000000006,8.517200000000003,1.2891999999999966,True
178,6.0,6.0766,5.432000000000002,6.721199999999998,1.2891999999999957,True
179,5.8,6.068599999999988,5.42399999999999,6.713199999999985,1.2891999999999957,True
180,9.1,8.81300000000001,8.168400000000013,9.457600000000006,1.289199999999994,True
181,5.3,4.803600000000005,4.159000000000007,5.448200000000003,1.2891999999999957,True
182,6.8,6.472600000000021,5.828000000000023,7.117200000000019,1.2891999999999957,True
183,5.2,4.822200000000002,4.177600000000004,5.4668,1.2891999999999957,True
184,4.7,4.7808000000000135,4.136200000000016,5.425400000000011,1.2891999999999957,True
185,7.9,7.925800000000005,7.281200000000007,8.570400000000003,1.2891999999999957,True
186,5.3,4.904999999999994,4.260399999999996,5.549599999999992,1.2891999999999957,True
187,5.0,4.963400000000001,4.318800000000003,5.607999999999999,1.2891999999999957,True
188,6.0,5.867900000000005,5.223300000000007,6.512500000000003,1.2891999999999957,True
189,6.3,6.480200000000013,5.835600000000015,7.124800000000011,1.2891999999999957,True
190,4.9,5.295000000000002,4.650400000000004,5.9395999999999995,1.2891999999999957,True
191,6.9,5.991999999999996,5.347399999999999,6.636599999999994,1.2891999999999957,False
192,5.9,6.008800000000003,5.364200000000005,6.6534,1.2891999999999957,True
193,5.0,5.468599999999992,4.8239999999999945,6.11319999999999,1.2891999999999957,True
194,7.6,7.9994000000000005,7.354800000000003,8.643999999999998,1.2891999999999957,True
195,5.0,5.090199999999978,4.44559999999998,5.734799999999976,1.2891999999999957,True
196,5.1,4.957400000000001,4.312800000000003,5.6019999999999985,1.2891999999999957,True
197,8.1,7.970600000000014,7.3260000000000165,8.615200000000012,1.2891999999999957,True
198,4.6,4.785199999999969,4.140599999999971,5.429799999999966,1.2891999999999957,True
199,7.3,6.912400000000021,6.267800000000023,7.557000000000019,1.2891999999999957,True
200,5.0,5.09039999999999,4.445799999999992,5.734999999999988,1.2891999999999957,True
201,5.2,5.106200000000005,4.461600000000007,5.750800000000003,1.2891999999999957,True
202,6.1,6.025363636363632,5.380763636363634,6.669963636363629,1.2891999999999957,True
203,6.8,6.580599999999964,5.935999999999966,7.225199999999962,1.2891999999999957,True
204,6.2,5.7366,5.092000000000002,6.381199999999998,1.2891999999999957,True
205,6.0,6.180599999999997,5.536,6.825199999999995,1.2891999999999957,True
206,7.1,7.187199999999951,6.542599999999953,7.831799999999949,1.2891999999999957,True
207,7.2,7.069866666666649,6.425266666666651,7.714466666666647,1.2891999999999957,True
208,7.2,6.673600000000035,6.029000000000037,7.318200000000033,1.2891999999999957,True
209,5.3,5.157400000000002,4.512800000000004,5.802,1.2891999999999957,True
210,4.0,4.9782,4.333600000000002,5.622799999999998,1.2891999999999957,False
211,7.5,7.265999999999947,6.621399999999949,7.910599999999945,1.2891999999999957,True
212,5.0,4.72259999999997,4.077999999999972,5.3671999999999676,1.2891999999999957,True
213,5.3,5.0986,4.454000000000002,5.743199999999998,1.2891999999999957,True
214,6.9,7.228799999999981,6.584199999999983,7.873399999999979,1.2891999999999957,True
215,5.9,5.9598,5.315200000000003,6.604399999999998,1.2891999999999957,True
216,5.7,5.3955999999999875,4.75099999999999,6.040199999999985,1.2891999999999957,True
217,7.1,6.975,6.330400000000002,7.6195999999999975,1.2891999999999957,True
218,4.1,4.240600000000001,3.5960000000000027,4.885199999999998,1.2891999999999957,True
219,5.3,4.961800000000027,4.317200000000029,5.606400000000025,1.2891999999999957,True
220,8.1,8.052199999999978,7.40759999999998,8.696799999999975,1.2891999999999948,True
221,4.9,5.005799999999999,4.361200000000001,5.650399999999997,1.2891999999999957,True
222,7.7,7.288799999999946,6.644199999999948,7.933399999999944,1.2891999999999957,True
223,4.2,5.122399999999995,4.477799999999998,5.766999999999993,1.2891999999999957,False
224,4.1,4.738799999999983,4.094199999999985,5.38339999999998,1.2891999999999957,True
225,7.7,8.210400000000039,7.565800000000041,8.855000000000036,1.2891999999999948,True
226,6.7,7.06979999999999,6.425199999999992,7.714399999999988,1.2891999999999957,True
227,5.2,5.089799999999996,4.445199999999998,5.734399999999994,1.2891999999999957,True
228,6.4,6.03540000000004,5.390800000000042,6.680000000000038,1.2891999999999957,True
229,7.0,7.639199999999995,6.9945999999999975,8.283799999999992,1.2891999999999948,True
230,8.9,8.873599999999975,8.228999999999978,9.518199999999972,1.289199999999994,True
231,6.0,6.300799999999976,5.656199999999978,6.945399999999974,1.2891999999999957,True
232,8.3,8.151399999999994,7.506799999999996,8.795999999999992,1.2891999999999966,True
233,8.2,8.35400000000005,7.709400000000053,8.99860000000005,1.2891999999999966,True
234,4.9,4.950999999999998,4.3064,5.595599999999996,1.2891999999999957,True
235,5.8,6.299800000000003,5.655200000000005,6.944400000000001,1.2891999999999957,True
236,7.9,7.738799999999998,7.0942,8.383399999999995,1.2891999999999948,True
237,8.0,7.826600000000029,7.1820000000000315,8.471200000000028,1.2891999999999966,True
238,8.4,8.089799999999991,7.445199999999994,8.73439999999999,1.2891999999999966,True
239,5.2,4.962200000000001,4.317600000000003,5.606799999999999,1.2891999999999957,True
240,9.0,7.3796,6.735000000000002,8.024199999999997,1.2891999999999948,False
241,5.0,5.786799999999997,5.142199999999999,6.431399999999995,1.2891999999999957,False
242,5.0,5.041800000000005,4.397200000000007,5.686400000000003,1.2891999999999957,True
243,6.0,5.968400000000019,5.323800000000021,6.613000000000016,1.2891999999999957,True
244,7.5,7.293800000000028,6.64920000000003,7.938400000000025,1.2891999999999957,True
245,5.0,5.092399999999999,4.447800000000001,5.7369999999999965,1.2891999999999957,True
246,6.0,6.4510000000000005,5.806400000000003,7.095599999999998,1.2891999999999957,True
247,6.9,6.550999999999964,5.906399999999966,7.195599999999962,1.2891999999999957,True
248,8.2,8.172440000000003,7.527840000000006,8.817040000000002,1.2891999999999966,True
249,5.7,4.407199999999993,3.7625999999999955,5.051799999999991,1.2891999999999957,False
250,7.0,7.170999999999982,6.526399999999984,7.8155999999999795,1.2891999999999957,True
251,8.6,7.2746,6.630000000000003,7.919199999999998,1.2891999999999957,False
252,4.0,4.09939999999999,3.4547999999999925,4.743999999999988,1.2891999999999957,True
253,5.1,5.118199999999996,4.4735999999999985,5.762799999999994,1.2891999999999957,True
254,7.9,7.948199999999999,7.303600000000001,8.592799999999997,1.2891999999999957,True
255,6.8,6.602399999999992,5.957799999999994,7.24699999999999,1.2891999999999957,True
256,6.2,5.935800000000002,5.291200000000004,6.5804,1.2891999999999957,True
257,8.8,7.416800000000003,6.772200000000005,8.0614,1.2891999999999957,False
258,8.9,8.015399999999975,7.370799999999977,8.659999999999972,1.2891999999999948,False
259,7.2,7.370600000000055,6.726000000000057,8.015200000000053,1.2891999999999966,True
260,4.8,5.1115999999999975,4.467,5.756199999999995,1.2891999999999957,True
261,6.0,6.4262,5.781600000000002,7.0707999999999975,1.2891999999999957,True
262,4.7,4.740599999999978,4.0959999999999805,5.385199999999976,1.2891999999999957,True
263,5.5,4.5415999999999865,3.8969999999999887,5.186199999999984,1.2891999999999957,False
264,4.6,4.904,4.259400000000002,5.548599999999998,1.2891999999999957,True
265,5.4,4.937199999999993,4.292599999999995,5.5817999999999905,1.2891999999999957,True
266,6.8,6.64659999999996,6.0019999999999625,7.291199999999958,1.2891999999999957,True
267,8.0,8.021400000000005,7.376800000000007,8.666000000000004,1.2891999999999966,True
268,6.9,6.695400000000029,6.050800000000031,7.3400000000000265,1.2891999999999957,True
269,8.5,8.118599999999988,7.47399999999999,8.763199999999987,1.2891999999999966,True
270,4.5,4.423800000000012,3.7792000000000145,5.06840000000001,1.2891999999999957,True
271,5.4,5.623999999999987,4.979399999999989,6.268599999999985,1.2891999999999957,True
272,6.0,5.773363636363652,5.128763636363654,6.41796363636365,1.2891999999999957,True
273,4.3,4.392599999999978,3.74799999999998,5.0371999999999755,1.2891999999999957,True
274,5.6,5.472999999999972,4.8283999999999745,6.11759999999997,1.2891999999999957,True
275,6.0,5.798800000000023,5.154200000000025,6.443400000000021,1.2891999999999957,True
276,5.0,4.8245999999999984,4.180000000000001,5.469199999999996,1.2891999999999957,True
277,4.8,5.010200000000004,4.365600000000006,5.654800000000002,1.2891999999999957,True
278,4.1,4.760199999999987,4.115599999999989,5.404799999999985,1.2891999999999957,False
279,7.6,7.602999999999974,6.958399999999976,8.247599999999972,1.2891999999999957,True
280,8.0,7.770399999999972,7.125799999999974,8.41499999999997,1.2891999999999966,True
281,8.0,8.021399999999995,7.376799999999997,8.665999999999993,1.2891999999999966,True
282,8.0,7.965000000000026,7.320400000000028,8.609600000000023,1.2891999999999957,True
283,6.3,6.045460000000001,5.400860000000003,6.690059999999999,1.2891999999999957,True
284,7.4,7.631999999999996,6.987399999999998,8.276599999999995,1.2891999999999966,True
285,5.0,4.9866,4.342000000000002,5.631199999999998,1.2891999999999957,True
286,5.1,4.423999999999991,3.7793999999999928,5.0685999999999884,1.2891999999999957,False
287,6.0,5.846600000000041,5.2020000000000435,6.491200000000039,1.2891999999999957,True
288,6.0,5.812800000000012,5.168200000000014,6.45740000000001,1.2891999999999957,True
289,5.7,5.990000000000004,5.345400000000006,6.634600000000002,1.2891999999999957,True
290,5.9,5.09060000000001,4.446000000000012,5.735200000000008,1.2891999999999957,False
291,5.9,6.1605999999999925,5.515999999999995,6.80519999999999,1.2891999999999957,True
292,6.9,6.479200000000029,5.834600000000031,7.123800000000027,1.2891999999999957,True
293,4.7,4.449199999999988,3.80459999999999,5.093799999999986,1.2891999999999957,True
294,5.6,5.135999999999999,4.491400000000001,5.780599999999997,1.2891999999999957,True
295,7.5,7.542400000000007,6.897800000000009,8.187000000000005,1.2891999999999957,True
296,8.5,7.7307999999999995,7.086200000000002,8.375399999999997,1.2891999999999957,False
297,4.9,5.116600000000006,4.472000000000008,5.761200000000004,1.2891999999999957,True
298,9.1,8.659400000000009,8.014800000000012,9.304000000000006,1.289199999999994,True
299,7.0,6.10880000000001,5.464200000000012,6.753400000000008,1.2891999999999957,False
300,5.3,5.308999999999999,4.664400000000001,5.953599999999997,1.2891999999999957,True
301,6.4,6.266800000000037,5.622200000000039,6.911400000000035,1.2891999999999957,True
302,4.6,4.857200000000027,4.212600000000029,5.501800000000025,1.2891999999999957,True
303,5.0,5.150800000000003,4.506200000000005,5.795400000000001,1.2891999999999957,True
304,5.9,5.11540000000001,4.470800000000012,5.760000000000008,1.2891999999999957,False
305,6.0,6.0280600000000035,5.383460000000006,6.672660000000001,1.2891999999999957,True
306,7.0,7.117200000000008,6.472600000000011,7.761800000000006,1.2891999999999957,True
307,7.3,6.8588000000000235,6.214200000000026,7.503400000000021,1.2891999999999957,True
308,8.3,7.858000000000014,7.213400000000016,8.502600000000012,1.2891999999999957,True
309,6.7,6.673999999999961,6.0293999999999635,7.318599999999959,1.2891999999999957,True
310,8.1,7.963000000000053,7.3184000000000555,8.607600000000051,1.2891999999999957,True
311,6.5,6.3541999999999845,5.709599999999987,6.998799999999982,1.2891999999999957,True
312,5.9,5.920099999999994,5.2754999999999965,6.564699999999992,1.2891999999999957,True
313,7.8,6.338399999999993,5.693799999999995,6.982999999999991,1.2891999999999957,False
314,6.5,6.380400000000003,5.735800000000006,7.025000000000001,1.2891999999999957,True
315,4.9,5.224400000000002,4.579800000000004,5.869,1.2891999999999957,True
316,5.9,6.0616000000000145,5.417000000000017,6.706200000000012,1.2891999999999957,True
317,4.7,5.0032,4.358600000000002,5.6477999999999975,1.2891999999999957,True
318,4.3,4.924199999999993,4.279599999999995,5.568799999999991,1.2891999999999957,True
319,5.2,4.995399999999997,4.3508,5.639999999999995,1.2891999999999957,True
320,5.0,4.897999999999997,4.253399999999999,5.542599999999995,1.2891999999999957,True
321,8.1,7.860666666666691,7.216066666666693,8.505266666666689,1.2891999999999957,True
322,6.0,6.006999999999969,5.362399999999971,6.651599999999966,1.2891999999999957,True
323,4.7,4.951999999999984,4.307399999999986,5.596599999999982,1.2891999999999957,True
324,4.9,4.7752000000000026,4.130600000000005,5.4198,1.2891999999999957,True
325,7.0,7.212199999999994,6.567599999999996,7.856799999999992,1.2891999999999957,True
326,6.0,5.73920000000001,5.094600000000012,6.383800000000008,1.2891999999999957,True
327,7.4,7.410599999999992,6.765999999999994,8.055199999999989,1.2891999999999948,True
328,8.5,8.344200000000045,7.699600000000047,8.988800000000044,1.2891999999999966,True
329,8.7,8.192799999999993,7.548199999999995,8.837399999999992,1.2891999999999966,True
330,8.5,8.159399999999964,7.514799999999966,8.803999999999963,1.2891999999999966,True
331,5.0,5.1036,4.459000000000002,5.748199999999998,1.2891999999999957,True
332,7.2,6.924200000000014,6.279600000000016,7.568800000000012,1.2891999999999957,True
333,5.4,5.422799999999994,4.7781999999999965,6.067399999999992,1.2891999999999957,True
334,6.0,5.800000000000031,5.155400000000033,6.444600000000029,1.2891999999999957,True
335,7.6,7.789600000000052,7.145000000000054,8.43420000000005,1.2891999999999966,True
336,4.2,4.211999999999979,3.5673999999999815,4.856599999999977,1.2891999999999957,True
337,5.6,5.395599999999973,4.7509999999999755,6.040199999999971,1.2891999999999957,True
338,5.0,4.9981999999999935,4.353599999999996,5.642799999999991,1.2891999999999957,True
339,4.2,4.444999999999999,3.8004000000000016,5.089599999999997,1.2891999999999957,True
340,8.4,8.326400000000048,7.68180000000005,8.971000000000046,1.2891999999999966,True
341,6.4,5.980800000000005,5.336200000000007,6.625400000000003,1.2891999999999957,True
342,7.2,7.508400000000043,6.863800000000045,8.153000000000041,1.2891999999999966,True
343,6.7,6.974000000000013,6.329400000000015,7.6186000000000105,1.2891999999999957,True
344,7.1,7.13280000000001,6.488200000000012,7.777400000000008,1.2891999999999957,True
345,5.0,5.3583999999999845,4.713799999999987,6.002999999999982,1.2891999999999957,True
346,5.8,6.024600000000003,5.380000000000005,6.669200000000001,1.2891999999999957,True
347,5.6,5.905399999999979,5.260799999999981,6.549999999999977,1.2891999999999957,True
348,4.9,7.220599999999985,6.575999999999987,7.865199999999983,1.2891999999999957,False
349,5.2,5.299799999999977,4.655199999999979,5.944399999999975,1.2891999999999957,True
350,6.4,6.471600000000006,5.827000000000008,7.116200000000004,1.2891999999999957,True
351,6.5,6.210600000000001,5.566000000000003,6.855199999999999,1.2891999999999957,True
352,6.6,6.421500000000001,5.776900000000003,7.066099999999999,1.2891999999999957,True
353,6.4,6.561466666666627,5.916866666666629,7.206066666666625,1.2891999999999957,True
354,8.8,7.698800000000001,7.054200000000003,8.343399999999999,1.2891999999999957,False
355,6.9,6.899000000000014,6.254400000000016,7.543600000000012,1.2891999999999957,True
356,3.9,4.274799999999972,3.6301999999999746,4.91939999999997,1.2891999999999957,True
357,5.8,5.646800000000024,5.002200000000026,6.291400000000022,1.2891999999999957,True
358,7.0,7.185799999999945,6.5411999999999475,7.830399999999943,1.2891999999999957,True
359,6.0,6.20600000000002,5.561400000000022,6.850600000000018,1.2891999999999957,True
360,4.7,5.200200000000029,4.555600000000031,5.844800000000027,1.2891999999999957,True
361,5.0,5.137800000000001,4.493200000000003,5.782399999999999,1.2891999999999957,True
362,8.2,7.942400000000032,7.297800000000034,8.58700000000003,1.2891999999999957,True
363,6.0,6.113799999999959,5.469199999999961,6.758399999999956,1.2891999999999957,True
364,5.9,5.88859999999996,5.2439999999999625,6.533199999999958,1.2891999999999957,True
365,4.9,6.174900000000014,5.530300000000016,6.819500000000012,1.2891999999999957,False
366,4.3,4.635600000000012,3.991000000000014,5.2802000000000096,1.2891999999999957,True
367,4.8,4.996800000000013,4.352200000000015,5.641400000000011,1.2891999999999957,True
368,8.1,7.764999999999999,7.120400000000001,8.409599999999998,1.2891999999999966,True
369,4.0,5.261400000000006,4.6168000000000085,5.906000000000004,1.2891999999999957,False
370,5.0,4.717600000000008,4.07300000000001,5.362200000000006,1.2891999999999957,True
371,8.0,8.179000000000048,7.53440000000005,8.823600000000045,1.2891999999999948,True
372,6.5,6.185800000000037,5.541200000000039,6.830400000000035,1.2891999999999957,True
373,7.6,7.9432,7.298600000000002,8.587799999999998,1.2891999999999957,True
374,6.9,6.4688,5.824200000000002,7.113399999999998,1.2891999999999957,True
375,4.4,4.575200000000005,3.930600000000007,5.219800000000003,1.2891999999999957,True
376,6.4,7.025599999999986,6.380999999999988,7.6701999999999835,1.2891999999999957,True
377,7.0,6.644199999999997,5.999599999999999,7.288799999999995,1.2891999999999957,True
378,5.6,5.717000000000024,5.072400000000026,6.3616000000000215,1.2891999999999957,True
379,6.2,5.926800000000015,5.282200000000017,6.571400000000013,1.2891999999999957,True
380,4.5,4.609000000000001,3.964400000000003,5.253599999999999,1.2891999999999957,True
381,6.8,6.030800000000006,5.3862000000000085,6.675400000000004,1.2891999999999957,False
382,4.8,4.851599999999999,4.207000000000001,5.496199999999996,1.2891999999999957,True
383,5.2,5.287399999999994,4.642799999999996,5.9319999999999915,1.2891999999999957,True
384,6.0,7.3482,6.7036000000000024,7.992799999999998,1.2891999999999957,False
385,6.0,5.635199999999991,4.9905999999999935,6.279799999999989,1.2891999999999957,True
386,8.9,8.80680000000004,8.162200000000041,9.451400000000039,1.2891999999999975,True
387,5.9,5.803799999999998,5.1592,6.448399999999996,1.2891999999999957,True
388,7.5,6.9115999999999955,6.266999999999998,7.556199999999993,1.2891999999999957,True
389,7.7,7.854466666666707,7.209866666666709,8.499066666666705,1.2891999999999957,True
390,5.1,5.014600000000001,4.370000000000003,5.6591999999999985,1.2891999999999957,True
391,5.0,4.848999999999999,4.2044000000000015,5.493599999999997,1.2891999999999957,True
392,5.8,5.7677999999999985,5.123200000000001,6.412399999999996,1.2891999999999957,True
393,7.9,8.01379999999999,7.369199999999991,8.658399999999986,1.2891999999999948,True
394,7.5,7.70446666666662,7.059866666666622,8.349066666666618,1.2891999999999957,True
395,6.9,6.906000000000034,6.2614000000000365,7.550600000000032,1.2891999999999957,True
396,5.8,4.743599999999991,4.098999999999993,5.388199999999989,1.2891999999999957,False
397,4.0,4.180999999999999,3.5364000000000013,4.825599999999997,1.2891999999999957,True
398,4.0,5.580999999999991,4.936399999999993,6.2255999999999885,1.2891999999999957,False
399,7.4,7.46420000000001,6.819600000000012,8.108800000000008,1.2891999999999957,True
400,6.3,6.65260000000004,6.008000000000042,7.297200000000037,1.2891999999999957,True
401,7.0,6.458200000000026,5.8136000000000285,7.102800000000024,1.2891999999999957,True
402,6.0,5.689599999999983,5.044999999999985,6.3341999999999805,1.2891999999999957,True
403,7.0,6.78440000000004,6.139800000000042,7.429000000000038,1.2891999999999957,True
404,8.6,8.619600000000062,7.9750000000000645,9.26420000000006,1.2891999999999948,True
405,6.3,6.071800000000035,5.427200000000037,6.716400000000033,1.2891999999999957,True
406,7.8,7.902300000000044,7.257700000000046,8.546900000000042,1.2891999999999957,True
407,4.7,4.724599999999998,4.08,5.369199999999996,1.2891999999999957,True
408,7.6,7.621199999999981,6.9765999999999835,8.26579999999998,1.2891999999999957,True
409,8.0,7.779200000000029,7.134600000000031,8.423800000000027,1.2891999999999957,True
410,4.5,4.352600000000009,3.708000000000011,4.9972000000000065,1.2891999999999957,True
411,5.1,4.852799999999997,4.208199999999999,5.4973999999999945,1.2891999999999957,True
412,4.3,4.680999999999971,4.036399999999973,5.325599999999969,1.2891999999999957,True
413,6.9,6.82940000000002,6.184800000000022,7.474000000000018,1.2891999999999957,True
414,8.0,6.299799999999997,5.655199999999999,6.944399999999995,1.2891999999999957,False
415,6.0,6.122800000000007,5.478200000000009,6.767400000000005,1.2891999999999957,True
416,6.8,6.457599999999992,5.812999999999994,7.10219999999999,1.2891999999999957,True
417,5.0,7.104799999999991,6.460199999999993,7.749399999999989,1.2891999999999957,False
418,3.9,4.659199999999997,4.014599999999999,5.3037999999999945,1.2891999999999957,False
419,5.1,4.872800000000022,4.228200000000024,5.51740000000002,1.2891999999999957,True
420,8.0,7.942399999999979,7.297799999999981,8.586999999999977,1.2891999999999957,True
421,5.8,5.531799999999981,4.887199999999983,6.176399999999979,1.2891999999999957,True
422,4.3,4.754799999999981,4.110199999999983,5.399399999999979,1.2891999999999957,True
423,3.6,4.049799999999996,3.405199999999998,4.694399999999994,1.2891999999999957,True
424,5.4,5.289400000000014,4.644800000000016,5.934000000000012,1.2891999999999957,True
425,5.0,4.896599999999998,4.252,5.5411999999999955,1.2891999999999957,True
426,6.5,6.3784000000000205,5.733800000000023,7.023000000000018,1.2891999999999957,True
427,4.9,5.484799999999991,4.840199999999993,6.129399999999989,1.2891999999999957,True
428,6.6,6.3976000000000015,5.753000000000004,7.042199999999999,1.2891999999999957,True
429,8.0,8.003599999999963,7.358999999999965,8.64819999999996,1.2891999999999948,True
430,4.2,4.5293999999999714,3.8847999999999736,5.173999999999969,1.2891999999999957,True
431,4.9,4.885400000000034,4.2408000000000365,5.530000000000032,1.2891999999999957,True
432,5.1,5.450000000000008,4.80540000000001,6.094600000000006,1.2891999999999957,True
433,6.7,6.322400000000032,5.677800000000034,6.96700000000003,1.2891999999999957,True
434,8.6,8.232199999999997,7.587599999999999,8.876799999999996,1.2891999999999966,True
435,8.4,8.154200000000012,7.509600000000014,8.79880000000001,1.2891999999999966,True
436,4.9,4.9310000000000045,4.286400000000007,5.575600000000002,1.2891999999999957,True
437,4.9,4.79079999999997,4.146199999999972,5.435399999999968,1.2891999999999957,True
438,4.8,6.147499999999997,5.5028999999999995,6.792099999999995,1.2891999999999957,False
439,7.3,7.225999999999997,6.5813999999999995,7.870599999999995,1.2891999999999957,True
440,7.0,6.666600000000002,6.022000000000004,7.3111999999999995,1.2891999999999957,True
441,4.8,4.826799999999999,4.182200000000001,5.4713999999999965,1.2891999999999957,True
442,6.3,5.1298,4.4852000000000025,5.774399999999998,1.2891999999999957,False
443,4.0,4.311800000000003,3.6672000000000056,4.956400000000001,1.2891999999999957,True
444,6.7,6.900300000000004,6.255700000000006,7.544900000000002,1.2891999999999957,True
445,8.3,8.182199999999987,7.53759999999999,8.826799999999984,1.2891999999999948,True
446,4.4,4.444200000000039,3.7996000000000407,5.088800000000036,1.2891999999999957,True
447,5.0,5.209599999999959,4.564999999999961,5.854199999999957,1.2891999999999957,True
448,7.4,6.386599999999992,5.741999999999994,7.0311999999999895,1.2891999999999957,False
449,6.0,5.852600000000017,5.208000000000019,6.4972000000000145,1.2891999999999957,True
450,8.0,7.9666000000000095,7.322000000000012,8.611200000000007,1.2891999999999957,True
451,6.8,6.428199999999967,5.783599999999969,7.0727999999999644,1.2891999999999957,True
452,8.0,7.702066666666644,7.057466666666646,8.346666666666643,1.2891999999999966,True
453,7.0,6.901400000000023,6.256800000000025,7.546000000000021,1.2891999999999957,True
454,8.7,8.326599999999997,7.6819999999999995,8.971199999999996,1.2891999999999966,True
455,7.1,6.932199999999989,6.287599999999991,7.576799999999987,1.2891999999999957,True
456,7.9,7.77579999999997,7.131199999999972,8.420399999999969,1.2891999999999966,True
457,6.1,5.674200000000001,5.029600000000003,6.318799999999999,1.2891999999999957,True
458,6.0,5.850000000000008,5.20540000000001,6.4946000000000055,1.2891999999999957,True
459,7.8,7.896000000000027,7.25140000000003,8.540600000000026,1.2891999999999966,True
460,4.5,4.775999999999997,4.131399999999999,5.420599999999995,1.2891999999999957,True
461,6.6,6.51840000000003,5.873800000000032,7.163000000000028,1.2891999999999957,True
462,8.0,8.081400000000018,7.43680000000002,8.726000000000017,1.2891999999999966,True
463,7.9,8.004399999999993,7.3597999999999955,8.64899999999999,1.2891999999999948,True
464,8.4,7.0148,6.370200000000002,7.659399999999998,1.2891999999999957,False
465,7.3,7.822799999999986,7.178199999999988,8.467399999999984,1.2891999999999957,True
466,4.6,4.694599999999999,4.050000000000002,5.339199999999997,1.2891999999999957,True
467,6.8,7.08520000000001,6.440600000000012,7.729800000000008,1.2891999999999957,True
468,7.1,7.133999999999995,6.489399999999997,7.778599999999993,1.2891999999999957,True
469,6.2,6.211200000000008,5.56660000000001,6.855800000000006,1.2891999999999957,True
470,5.6,4.985599999999998,4.341,5.630199999999996,1.2891999999999957,True
471,8.0,8.06820000000003,7.4236000000000315,8.712800000000026,1.2891999999999948,True
472,5.9,5.99340000000002,5.348800000000022,6.638000000000018,1.2891999999999957,True
473,7.0,7.023799999999981,6.379199999999983,7.668399999999979,1.2891999999999957,True
474,5.0,5.795600000000024,5.1510000000000264,6.440200000000022,1.2891999999999957,False
475,4.8,4.7612000000000005,4.116600000000003,5.405799999999998,1.2891999999999957,True
476,8.0,7.67740000000005,7.032800000000052,8.322000000000049,1.2891999999999966,True
477,4.6,5.322600000000003,4.678000000000005,5.967200000000001,1.2891999999999957,False
478,8.3,7.6183999999999905,6.973799999999993,8.262999999999987,1.2891999999999948,False
479,5.9,5.449799999999992,4.805199999999994,6.09439999999999,1.2891999999999957,True
480,5.0,5.4846,4.8400000000000025,6.129199999999998,1.2891999999999957,True
481,4.5,4.764800000000014,4.1202000000000165,5.409400000000012,1.2891999999999957,True
482,5.7,5.056200000000006,4.411600000000008,5.700800000000004,1.2891999999999957,True
483,8.0,7.875600000000045,7.231000000000047,8.520200000000042,1.2891999999999948,True
484,5.3,5.336800000000012,4.692200000000014,5.98140000000001,1.2891999999999957,True
485,4.6,4.792399999999981,4.147799999999983,5.436999999999979,1.2891999999999957,True
486,4.5,4.318600000000015,3.6740000000000173,4.963200000000013,1.2891999999999957,True
487,5.2,5.353400000000005,4.708800000000007,5.998000000000003,1.2891999999999957,True
488,7.1,7.432000000000052,6.787400000000054,8.076600000000049,1.2891999999999948,True
489,5.1,5.143599999999996,4.498999999999998,5.788199999999994,1.2891999999999957,True
490,8.0,8.029999999999998,7.3854,8.674599999999995,1.2891999999999948,True
491,6.0,5.692800000000027,5.048200000000029,6.337400000000025,1.2891999999999957,True
492,8.0,7.788600000000005,7.144000000000007,8.433200000000003,1.2891999999999957,True
493,7.5,7.47420000000005,6.8296000000000525,8.118800000000048,1.2891999999999957,True
494,5.2,5.496800000000012,4.852200000000014,6.14140000000001,1.2891999999999957,True
495,4.9,4.870800000000003,4.226200000000005,5.5154000000000005,1.2891999999999957,True
496,5.5,5.229799999999986,4.585199999999988,5.874399999999984,1.2891999999999957,True
497,5.6,5.3543999999999965,4.709799999999999,5.998999999999994,1.2891999999999957,True
498,8.7,7.0471999999999895,6.402599999999992,7.691799999999987,1.2891999999999957,False
499,6.9,7.155799999999956,6.511199999999958,7.800399999999954,1.2891999999999957,True
500,8.0,7.966600000000017,7.322000000000019,8.611200000000014,1.2891999999999957,True
501,6.4,6.51460000000002,5.870000000000022,7.159200000000018,1.2891999999999957,True
502,4.7,5.2925999999999975,4.648,5.937199999999995,1.2891999999999957,True
503,4.0,4.134000000000013,3.489400000000015,4.778600000000011,1.2891999999999957,True
504,6.0,5.838899999999985,5.194299999999987,6.4834999999999825,1.2891999999999957,True
505,6.1,5.6246000000000285,4.980000000000031,6.269200000000026,1.2891999999999957,True
506,8.1,8.118199999999957,7.473599999999959,8.762799999999956,1.2891999999999966,True
507,6.0,5.933200000000003,5.288600000000005,6.577800000000001,1.2891999999999957,True
508,6.0,6.214200000000026,5.569600000000028,6.8588000000000235,1.2891999999999957,True
509,7.9,7.838000000000007,7.193400000000009,8.482600000000005,1.2891999999999957,True
510,7.5,6.532199999999996,5.887599999999998,7.176799999999994,1.2891999999999957,False
511,4.0,4.277000000000007,3.6324000000000094,4.921600000000005,1.2891999999999957,True
512,5.5,5.411999999999963,4.767399999999965,6.0565999999999605,1.2891999999999957,True
513,5.0,4.929800000000002,4.285200000000004,5.5744,1.2891999999999957,True
514,5.0,5.1005999999999645,4.455999999999967,5.745199999999962,1.2891999999999957,True
515,5.4,5.444800000000032,4.800200000000034,6.08940000000003,1.2891999999999957,True
516,4.1,4.650799999999969,4.006199999999971,5.295399999999967,1.2891999999999957,True
517,5.8,5.958599999999998,5.314,6.603199999999996,1.2891999999999957,True
518,5.1,5.005800000000001,4.361200000000003,5.6503999999999985,1.2891999999999957,True
519,5.0,5.068200000000002,4.423600000000004,5.7128,1.2891999999999957,True
520,7.0,7.120466666666655,6.475866666666657,7.765066666666653,1.2891999999999957,True
521,4.0,4.15599999999998,3.5113999999999823,4.800599999999978,1.2891999999999957,True
522,7.4,7.6538,7.0092000000000025,8.298399999999997,1.2891999999999948,True
523,4.1,4.692399999999969,4.047799999999971,5.336999999999967,1.2891999999999957,True
524,7.1,6.317899999999995,5.673299999999998,6.962499999999993,1.2891999999999957,False
525,4.1,4.2461999999999716,3.6015999999999737,4.890799999999969,1.2891999999999957,True
526,5.6,5.8506,5.206000000000002,6.495199999999998,1.2891999999999957,True
527,6.9,6.993000000000004,6.348400000000006,7.637600000000002,1.2891999999999957,True
528,5.8,5.961000000000004,5.316400000000006,6.605600000000002,1.2891999999999957,True
529,4.9,5.0376000000000305,4.393000000000033,5.682200000000028,1.2891999999999957,True
530,4.6,4.640999999999998,3.9964000000000004,5.285599999999996,1.2891999999999957,True
531,5.3,5.255400000000004,4.6108000000000064,5.900000000000002,1.2891999999999957,True
532,7.4,7.220799999999954,6.5761999999999565,7.865399999999952,1.2891999999999957,True
533,5.1,5.0991999999999935,4.454599999999996,5.743799999999991,1.2891999999999957,True
534,6.3,6.425599999999992,5.780999999999994,7.07019999999999,1.2891999999999957,True
535,6.1,5.872199999999985,5.227599999999987,6.516799999999983,1.2891999999999957,True
536,6.0,6.222400000000008,5.5778000000000105,6.867000000000006,1.2891999999999957,True
537,5.2,5.181799999999989,4.5371999999999915,5.826399999999987,1.2891999999999957,True
538,9.0,7.969000000000026,7.324400000000028,8.613600000000023,1.2891999999999948,False
539,4.8,5.031600000000008,4.38700000000001,5.676200000000006,1.2891999999999957,True
540,7.8,8.500199999999962,7.855599999999964,9.144799999999961,1.2891999999999966,False
541,5.0,5.1898,4.545200000000002,5.834399999999998,1.2891999999999957,True
542,4.4,5.368000000000002,4.723400000000004,6.0126,1.2891999999999957,False
543,5.9,6.070000000000002,5.425400000000004,6.7146,1.2891999999999957,True
544,5.1,5.158000000000006,4.513400000000008,5.8026000000000035,1.2891999999999957,True
545,5.7,5.880999999999987,5.236399999999989,6.525599999999985,1.2891999999999957,True
546,5.4,5.051600000000004,4.407000000000006,5.696200000000002,1.2891999999999957,True
547,7.0,7.0525999999999645,6.407999999999967,7.697199999999962,1.2891999999999957,True
548,6.0,6.125199999999998,5.4806,6.769799999999996,1.2891999999999957,True
549,4.3,4.381399999999986,3.736799999999988,5.025999999999984,1.2891999999999957,True
550,5.0,5.026200000000009,4.381600000000011,5.670800000000007,1.2891999999999957,True
551,8.0,7.895599999999966,7.250999999999968,8.540199999999963,1.2891999999999948,True
552,5.1,5.17459999999999,4.529999999999992,5.819199999999988,1.2891999999999957,True
553,7.6,7.864200000000028,7.21960000000003,8.508800000000026,1.2891999999999957,True
554,6.2,6.285400000000039,5.640800000000041,6.930000000000037,1.2891999999999957,True
555,6.5,6.404266666666698,5.7596666666667,7.0488666666666955,1.2891999999999957,True
556,7.3,7.082800000000012,6.438200000000014,7.72740000000001,1.2891999999999957,True
557,8.8,7.9123999999999794,7.267799999999982,8.556999999999977,1.2891999999999957,False
558,4.1,4.892400000000007,4.24780000000001,5.537000000000005,1.2891999999999957,False
559,9.1,8.827399999999992,8.182799999999993,9.47199999999999,1.2891999999999975,True
560,5.1,4.8724,4.227800000000002,5.516999999999998,1.2891999999999957,True
561,7.0,6.942399999999961,6.297799999999963,7.586999999999959,1.2891999999999957,True
562,6.2,6.089199999999992,5.444599999999994,6.73379999999999,1.2891999999999957,True
563,5.0,5.057599999999993,4.412999999999995,5.702199999999991,1.2891999999999957,True
564,5.5,5.400800000000039,4.7562000000000415,6.045400000000037,1.2891999999999957,True
565,7.6,7.606399999999971,6.961799999999974,8.25099999999997,1.2891999999999957,True
566,8.1,7.475266666666654,6.830666666666656,8.119866666666653,1.2891999999999966,True
567,6.8,7.069466666666665,6.424866666666667,7.714066666666663,1.2891999999999957,True
568,8.0,7.859400000000031,7.214800000000033,8.50400000000003,1.2891999999999966,True
569,6.0,6.129200000000022,5.484600000000024,6.77380000000002,1.2891999999999957,True
570,4.1,4.0562,3.4116000000000017,4.700799999999997,1.2891999999999957,True
571,6.2,5.9666000000000174,5.32200000000002,6.611200000000015,1.2891999999999957,True
572,7.0,7.185999999999938,6.54139999999994,7.830599999999936,1.2891999999999957,True
573,7.0,6.3121999999999945,5.667599999999997,6.956799999999992,1.2891999999999957,False
574,7.5,7.1716000000000015,6.527000000000004,7.816199999999999,1.2891999999999957,True
575,8.1,7.543399999999992,6.898799999999994,8.18799999999999,1.2891999999999957,True
576,8.7,8.40679999999996,7.762199999999962,9.051399999999958,1.2891999999999966,True
577,6.2,6.199200000000041,5.554600000000043,6.843800000000039,1.2891999999999957,True
578,4.4,4.532400000000028,3.8878000000000306,5.177000000000026,1.2891999999999957,True
579,6.4,6.639799999999953,5.995199999999955,7.284399999999951,1.2891999999999957,True
580,6.0,5.897963636363681,5.253363636363683,6.5425636363636785,1.2891999999999957,True
581,4.2,4.151999999999967,3.5073999999999694,4.796599999999965,1.2891999999999957,True
582,6.3,6.098299999999997,5.4536999999999995,6.742899999999995,1.2891999999999957,True
583,5.1,4.705199999999987,4.060599999999989,5.349799999999985,1.2891999999999957,True
584,4.0,4.566999999999995,3.922399999999997,5.211599999999993,1.2891999999999957,True
585,5.8,6.2507999999999635,5.606199999999966,6.895399999999961,1.2891999999999957,True
586,5.0,5.0206,4.376000000000002,5.665199999999998,1.2891999999999957,True
587,8.1,7.9898000000000104,7.345200000000013,8.634400000000008,1.2891999999999957,True
588,4.8,5.080000000000006,4.4354000000000084,5.724600000000004,1.2891999999999957,True
589,6.0,6.285499999999981,5.640899999999983,6.930099999999979,1.2891999999999957,True
590,8.4,7.614999999999991,6.9703999999999935,8.259599999999988,1.2891999999999948,False
591,7.2,7.300200000000035,6.655600000000037,7.944800000000033,1.2891999999999957,True
592,8.1,7.841200000000035,7.196600000000037,8.485800000000033,1.2891999999999957,True
593,6.7,6.727,6.0824000000000025,7.371599999999998,1.2891999999999957,True
594,8.1,8.1028,7.458200000000002,8.747399999999999,1.2891999999999966,True
595,6.0,6.001400000000001,5.356800000000003,6.645999999999999,1.2891999999999957,True
596,8.0,7.929800000000021,7.285200000000023,8.574400000000018,1.2891999999999957,True
597,4.9,5.1506,4.506000000000002,5.795199999999998,1.2891999999999957,True
598,6.1,5.661400000000037,5.016800000000039,6.306000000000035,1.2891999999999957,True
599,5.8,5.983400000000005,5.338800000000007,6.628000000000003,1.2891999999999957,True
600,6.0,5.695599999999994,5.050999999999996,6.340199999999991,1.2891999999999957,True
601,8.3,8.073800000000018,7.42920000000002,8.718400000000017,1.2891999999999966,True
602,7.8,7.555900000000014,6.911300000000016,8.200500000000012,1.2891999999999966,True
603,7.0,7.508600000000051,6.864000000000053,8.153200000000048,1.2891999999999948,True
604,5.1,4.896600000000029,4.252000000000031,5.5412000000000265,1.2891999999999957,True
605,4.0,4.13299999999998,3.4883999999999817,4.777599999999977,1.2891999999999957,True
606,7.8,8.00640000000003,7.361800000000032,8.651000000000028,1.2891999999999966,True
607,6.3,6.413200000000049,5.768600000000051,7.0578000000000465,1.2891999999999957,True
608,5.9,5.577800000000001,4.933200000000003,6.222399999999999,1.2891999999999957,True
609,7.0,6.749200000000001,6.104600000000003,7.393799999999999,1.2891999999999957,True
610,4.2,4.65999999999998,4.015399999999982,5.3045999999999776,1.2891999999999957,True
611,6.0,6.06119999999996,5.4165999999999626,6.705799999999958,1.2891999999999957,True
612,4.0,4.1257999999999955,3.4811999999999976,4.770399999999993,1.2891999999999957,True
613,8.9,8.707200000000057,8.06260000000006,9.351800000000054,1.289199999999994,True
614,5.2,4.86620000000002,4.221600000000022,5.5108000000000175,1.2891999999999957,True
615,5.0,5.0012,4.356600000000002,5.645799999999998,1.2891999999999957,True
616,5.0,4.980400000000005,4.335800000000007,5.625000000000003,1.2891999999999957,True
617,4.9,6.8831999999999915,6.238599999999994,7.527799999999989,1.2891999999999957,False
618,4.7,4.912399999999969,4.267799999999971,5.556999999999967,1.2891999999999957,True
619,6.0,4.856199999999996,4.211599999999998,5.500799999999994,1.2891999999999957,False
620,5.3,4.787600000000003,4.143000000000005,5.432200000000001,1.2891999999999957,True
621,4.4,4.558399999999977,3.913799999999979,5.2029999999999745,1.2891999999999957,True
622,7.0,6.690800000000008,6.0462000000000105,7.335400000000006,1.2891999999999957,True
623,6.6,6.5963999999999805,5.951799999999983,7.240999999999978,1.2891999999999957,True
624,4.8,4.990199999999995,4.3455999999999975,5.634799999999993,1.2891999999999957,True
625,6.0,6.288000000000026,5.643400000000028,6.932600000000024,1.2891999999999957,True
626,5.0,5.222800000000005,4.578200000000007,5.867400000000003,1.2891999999999957,True
627,4.7,4.827800000000016,4.183200000000018,5.472400000000014,1.2891999999999957,True
628,5.2,5.045400000000002,4.400800000000004,5.6899999999999995,1.2891999999999957,True
629,4.7,5.00660000000001,4.3620000000000125,5.651200000000008,1.2891999999999957,True
630,4.5,4.579999999999996,3.935399999999998,5.2245999999999935,1.2891999999999957,True
631,7.0,7.291400000000005,6.646800000000007,7.936000000000003,1.2891999999999957,True
632,7.9,7.810999999999997,7.166399999999999,8.455599999999995,1.2891999999999957,True
633,5.0,4.980999999999981,4.336399999999983,5.625599999999979,1.2891999999999957,True
634,6.3,6.900499999999995,6.255899999999997,7.545099999999993,1.2891999999999957,True
635,5.2,4.994200000000004,4.349600000000006,5.638800000000002,1.2891999999999957,True
636,7.7,7.814400000000014,7.169800000000016,8.459000000000012,1.2891999999999957,True
637,8.2,7.940200000000011,7.295600000000013,8.584800000000008,1.2891999999999957,True
638,5.4,5.390400000000009,4.745800000000012,6.035000000000007,1.2891999999999957,True
639,6.0,6.015600000000004,5.371000000000006,6.6602000000000015,1.2891999999999957,True
640,5.0,5.015399999999963,4.370799999999965,5.659999999999961,1.2891999999999957,True
641,6.9,6.799999999999984,6.155399999999986,7.444599999999982,1.2891999999999957,True
642,8.0,8.056800000000003,7.412200000000005,8.7014,1.2891999999999948,True
643,5.6,5.562000000000022,4.917400000000024,6.206600000000019,1.2891999999999957,True
644,4.9,5.099200000000003,4.4546000000000054,5.743800000000001,1.2891999999999957,True
645,6.0,6.232599999999967,5.587999999999969,6.877199999999965,1.2891999999999957,True
646,7.5,7.614399999999964,6.9697999999999665,8.258999999999961,1.2891999999999948,True
647,6.0,6.157600000000027,5.513000000000029,6.802200000000025,1.2891999999999957,True
648,6.7,7.024999999999998,6.3804,7.6695999999999955,1.2891999999999957,True
649,7.7,7.7523999999999536,7.107799999999956,8.396999999999952,1.2891999999999966,True
650,6.9,6.827599999999971,6.182999999999973,7.472199999999969,1.2891999999999957,True
651,8.0,8.036999999999992,7.392399999999994,8.681599999999989,1.2891999999999948,True
652,5.7,5.754563636363627,5.109963636363629,6.399163636363625,1.2891999999999957,True
653,5.9,6.077499999999996,5.432899999999998,6.722099999999994,1.2891999999999957,True
654,7.0,6.891399999999993,6.246799999999995,7.535999999999991,1.2891999999999957,True
655,6.0,5.862400000000041,5.217800000000043,6.507000000000039,1.2891999999999957,True
656,4.9,5.038399999999996,4.393799999999998,5.682999999999994,1.2891999999999957,True
657,7.0,6.831600000000046,6.187000000000048,7.476200000000044,1.2891999999999957,True
658,8.5,8.531199999999961,7.886599999999963,9.17579999999996,1.2891999999999966,True
659,7.0,6.758999999999968,6.1143999999999705,7.403599999999966,1.2891999999999957,True
660,8.5,8.483599999999978,7.83899999999998,9.128199999999975,1.2891999999999948,True
661,6.3,6.245799999999966,5.601199999999968,6.890399999999964,1.2891999999999957,True
662,8.6,8.911399999999997,8.2668,9.555999999999994,1.289199999999994,True
663,8.2,8.186840000000002,7.542240000000004,8.83144,1.2891999999999966,True
664,6.1,5.910963636363636,5.266363636363638,6.555563636363634,1.2891999999999957,True
665,5.0,5.296999999999996,4.652399999999998,5.941599999999994,1.2891999999999957,True
666,7.0,7.130599999999951,6.485999999999954,7.775199999999949,1.2891999999999957,True
667,8.8,8.129000000000012,7.484400000000014,8.773600000000009,1.2891999999999948,False
668,4.3,4.627799999999999,3.983200000000001,5.272399999999997,1.2891999999999957,True
669,6.2,5.998400000000001,5.353800000000003,6.642999999999999,1.2891999999999957,True
670,7.7,8.068600000000004,7.424000000000006,8.7132,1.2891999999999948,True
671,7.0,6.549999999999996,5.905399999999998,7.194599999999994,1.2891999999999957,True
672,6.0,5.436199999999991,4.791599999999993,6.080799999999988,1.2891999999999957,True
673,6.3,6.207200000000031,5.5626000000000335,6.851800000000029,1.2891999999999957,True
674,7.1,6.8276000000000465,6.183000000000049,7.472200000000044,1.2891999999999957,True
675,5.6,5.233200000000026,4.588600000000028,5.877800000000024,1.2891999999999957,True
676,6.0,5.574799999999992,4.930199999999994,6.21939999999999,1.2891999999999957,True
677,9.2,8.743000000000011,8.098400000000012,9.38760000000001,1.2891999999999975,True
678,6.0,6.226200000000009,5.581600000000011,6.870800000000007,1.2891999999999957,True
679,5.7,5.843400000000002,5.198800000000004,6.4879999999999995,1.2891999999999957,True
680,6.9,6.159600000000013,5.515000000000015,6.8042000000000105,1.2891999999999957,False
681,7.4,7.588200000000016,6.943600000000018,8.232800000000013,1.2891999999999957,True
682,4.8,4.84300000000003,4.198400000000032,5.487600000000028,1.2891999999999957,True
683,4.8,4.987400000000003,4.342800000000005,5.632000000000001,1.2891999999999957,True
684,4.0,4.486599999999989,3.8419999999999908,5.131199999999986,1.2891999999999957,True
685,7.0,7.883399999999991,7.238799999999993,8.527999999999988,1.2891999999999948,False
686,7.1,7.167599999999981,6.522999999999983,7.8121999999999785,1.2891999999999957,True
687,4.8,5.195400000000007,4.5508000000000095,5.840000000000005,1.2891999999999957,True
688,5.2,4.991600000000011,4.347000000000013,5.6362000000000085,1.2891999999999957,True
689,6.8,7.224599999999992,6.579999999999994,7.8691999999999895,1.2891999999999957,True
690,4.7,5.776600000000002,5.132000000000004,6.4212,1.2891999999999957,False
691,7.0,6.766200000000003,6.121600000000005,7.410800000000001,1.2891999999999957,True
692,6.4,5.912399999999995,5.267799999999998,6.556999999999993,1.2891999999999957,True
693,4.6,4.708199999999992,4.063599999999994,5.35279999999999,1.2891999999999957,True
694,4.1,4.277666666666682,3.633066666666684,4.92226666666668,1.2891999999999957,True
695,7.9,7.7804,7.135800000000002,8.424999999999997,1.2891999999999948,True
696,4.6,4.491800000000013,3.847200000000015,5.136400000000011,1.2891999999999957,True
697,9.0,8.986599999999985,8.341999999999988,9.631199999999982,1.289199999999994,True
698,5.2,5.113799999999995,4.469199999999997,5.758399999999993,1.2891999999999957,True
699,6.2,5.589200000000003,4.944600000000005,6.2338000000000005,1.2891999999999957,True
700,6.3,6.3355999999999995,5.691000000000002,6.980199999999997,1.2891999999999957,True
701,6.8,6.9445999999999986,6.300000000000001,7.589199999999996,1.2891999999999957,True
702,6.2,6.230399999999988,5.58579999999999,6.874999999999986,1.2891999999999957,True
703,6.0,6.086399999999977,5.441799999999979,6.730999999999975,1.2891999999999957,True
704,7.0,6.651000000000006,6.006400000000008,7.295600000000004,1.2891999999999957,True
705,8.5,8.205200000000037,7.560600000000039,8.849800000000034,1.2891999999999948,True
706,8.0,7.661199999999996,7.016599999999998,8.305799999999994,1.2891999999999966,True
707,7.1,7.209399999999998,6.5648,7.853999999999996,1.2891999999999957,True
708,5.7,6.175000000000003,5.5304000000000055,6.819600000000001,1.2891999999999957,True
709,6.0,5.712199999999983,5.0675999999999854,6.356799999999981,1.2891999999999957,True
710,8.5,7.923599999999965,7.278999999999967,8.568199999999962,1.2891999999999948,True
711,5.8,5.671199999999973,5.026599999999975,6.315799999999971,1.2891999999999957,True
712,6.6,5.391000000000009,4.746400000000011,6.035600000000007,1.2891999999999957,False
713,6.8,6.946600000000021,6.302000000000024,7.591200000000019,1.2891999999999957,True
714,4.9,5.121000000000006,4.476400000000008,5.765600000000004,1.2891999999999957,True
715,6.0,5.770200000000018,5.12560000000002,6.414800000000016,1.2891999999999957,True
716,6.0,5.479400000000002,4.834800000000004,6.124,1.2891999999999957,True
717,7.5,7.623799999999943,6.9791999999999454,8.268399999999941,1.2891999999999957,True
718,4.8,5.138199999999994,4.493599999999996,5.782799999999992,1.2891999999999957,True
719,7.4,7.065,6.4204000000000025,7.709599999999998,1.2891999999999957,True
720,5.4,5.0756,4.431000000000002,5.7201999999999975,1.2891999999999957,True
721,5.7,5.620600000000014,4.976000000000016,6.265200000000012,1.2891999999999957,True
722,7.9,8.050199999999972,7.405599999999974,8.694799999999969,1.2891999999999948,True
723,7.6,7.687,7.042400000000002,8.331599999999998,1.2891999999999957,True
724,8.3,7.953599999999992,7.308999999999994,8.59819999999999,1.2891999999999957,True
725,5.0,4.953599999999998,4.309,5.598199999999996,1.2891999999999957,True
726,6.8,6.953599999999996,6.308999999999998,7.598199999999994,1.2891999999999957,True
727,7.2,7.443599999999981,6.7989999999999835,8.08819999999998,1.2891999999999957,True
728,8.4,7.970200000000007,7.325600000000009,8.614800000000006,1.2891999999999966,True
729,7.0,6.28480000000001,5.6402000000000125,6.929400000000008,1.2891999999999957,False
730,4.2,4.469400000000009,3.8248000000000113,5.114000000000007,1.2891999999999957,True
731,5.2,4.802,4.157400000000002,5.446599999999997,1.2891999999999957,True
732,7.9,7.941266666666666,7.296666666666668,8.585866666666664,1.2891999999999966,True
733,8.5,8.33899999999996,7.694399999999962,8.983599999999957,1.2891999999999948,True
734,7.2,7.2437999999999905,6.599199999999993,7.888399999999988,1.2891999999999957,True
735,8.0,7.784400000000042,7.1398000000000446,8.429000000000041,1.2891999999999966,True
736,7.6,7.853400000000053,7.208800000000055,8.49800000000005,1.2891999999999957,True
737,5.9,5.907000000000037,5.2624000000000395,6.551600000000035,1.2891999999999957,True
738,4.0,5.124799999999995,4.480199999999997,5.769399999999993,1.2891999999999957,False
739,7.9,7.271500000000006,6.626900000000008,7.916100000000004,1.2891999999999957,True
740,7.0,7.265100000000037,6.620500000000039,7.909700000000035,1.2891999999999957,True
741,8.3,7.5878000000000245,6.943200000000027,8.232400000000023,1.2891999999999966,False
742,9.0,8.614000000000047,7.969400000000049,9.258600000000044,1.2891999999999948,True
743,5.5,5.3694,4.724800000000002,6.013999999999998,1.2891999999999957,True
744,5.2,5.7858000000000285,5.141200000000031,6.430400000000026,1.2891999999999957,True
745,6.4,6.083800000000027,5.439200000000029,6.728400000000025,1.2891999999999957,True
746,6.4,6.1177999999999715,5.473199999999974,6.762399999999969,1.2891999999999957,True
747,4.3,4.477600000000032,3.833000000000034,5.12220000000003,1.2891999999999957,True
748,3.8,4.205199999999979,3.5605999999999813,4.849799999999977,1.2891999999999957,True
749,4.3,5.43839999999998,4.793799999999982,6.082999999999978,1.2891999999999957,False
750,5.0,5.1393999999999815,4.494799999999984,5.783999999999979,1.2891999999999957,True
751,7.0,7.038999999999966,6.394399999999968,7.683599999999964,1.2891999999999957,True
752,6.4,6.2607999999999935,5.616199999999996,6.905399999999991,1.2891999999999957,True
753,5.0,5.070000000000019,4.425400000000021,5.714600000000017,1.2891999999999957,True
754,6.0,5.7612000000000165,5.116600000000019,6.405800000000014,1.2891999999999957,True
755,5.9,6.010766666666683,5.366166666666685,6.655366666666681,1.2891999999999957,True
756,4.8,4.8931999999999745,4.248599999999977,5.537799999999972,1.2891999999999957,True
757,5.1,5.330599999999988,4.68599999999999,5.975199999999986,1.2891999999999957,True
758,4.6,4.734199999999993,4.0895999999999955,5.378799999999991,1.2891999999999957,True
759,4.8,5.626200000000008,4.98160000000001,6.270800000000006,1.2891999999999957,False
760,6.3,6.780000000000017,6.135400000000019,7.424600000000015,1.2891999999999957,True
761,4.9,4.4226000000000365,3.7780000000000387,5.067200000000034,1.2891999999999957,True
762,5.3,5.02760000000001,4.383000000000012,5.672200000000008,1.2891999999999957,True
763,6.9,6.577000000000021,5.932400000000023,7.221600000000019,1.2891999999999957,True
764,6.1,6.080333333333337,5.4357333333333395,6.724933333333335,1.2891999999999957,True
765,8.0,7.548199999999994,6.903599999999996,8.192799999999991,1.2891999999999948,True
766,5.8,6.104400000000014,5.459800000000016,6.749000000000012,1.2891999999999957,True
767,4.0,5.2886000000000095,4.644000000000012,5.933200000000007,1.2891999999999957,False
768,7.0,6.895999999999991,6.251399999999993,7.540599999999989,1.2891999999999957,True
769,5.0,5.233800000000022,4.589200000000024,5.87840000000002,1.2891999999999957,True
770,4.2,4.590600000000001,3.9460000000000033,5.235199999999999,1.2891999999999957,True
771,6.7,6.850800000000004,6.206200000000006,7.495400000000002,1.2891999999999957,True
772,3.9,5.064399999999992,4.419799999999994,5.70899999999999,1.2891999999999957,False
773,8.0,8.014000000000056,7.369400000000058,8.658600000000053,1.2891999999999948,True
774,7.0,6.777000000000006,6.1324000000000085,7.421600000000004,1.2891999999999957,True
775,5.0,5.224999999999987,4.580399999999989,5.869599999999985,1.2891999999999957,True
776,7.0,6.699999999999949,6.055399999999951,7.3445999999999465,1.2891999999999957,True
777,8.0,7.7346000000000386,7.090000000000041,8.379200000000036,1.2891999999999957,True
778,5.2,6.243300000000012,5.598700000000014,6.88790000000001,1.2891999999999957,False
779,6.0,5.995600000000009,5.3510000000000115,6.640200000000007,1.2891999999999957,True
780,6.6,6.7007999999999495,6.056199999999952,7.345399999999947,1.2891999999999957,True
781,6.0,6.137199999999987,5.492599999999989,6.7817999999999845,1.2891999999999957,True
782,4.0,4.7058000000000115,4.061200000000014,5.350400000000009,1.2891999999999957,False
783,8.4,8.12819999999996,7.483599999999963,8.772799999999958,1.2891999999999948,True
784,5.2,5.518799999999997,4.874199999999999,6.163399999999995,1.2891999999999957,True
785,7.9,7.823399999999999,7.178800000000001,8.467999999999996,1.2891999999999957,True
786,6.8,6.26060000000004,5.616000000000042,6.905200000000038,1.2891999999999957,True
787,7.8,7.947599999999997,7.302999999999999,8.592199999999995,1.2891999999999957,True
788,6.7,6.992199999999992,6.347599999999995,7.63679999999999,1.2891999999999957,True
789,4.2,4.066399999999992,3.421799999999994,4.71099999999999,1.2891999999999957,True
790,4.2,4.770399999999984,4.125799999999987,5.414999999999982,1.2891999999999957,True
791,7.1,6.770200000000024,6.125600000000026,7.414800000000022,1.2891999999999957,True
792,8.0,7.618999999999948,6.97439999999995,8.263599999999947,1.2891999999999966,True
793,6.3,6.135199999999999,5.4906000000000015,6.779799999999997,1.2891999999999957,True
794,7.0,7.140000000000006,6.495400000000008,7.784600000000004,1.2891999999999957,True
795,7.0,6.767600000000002,6.123000000000004,7.4121999999999995,1.2891999999999957,True
796,8.8,8.542400000000036,7.897800000000038,9.187000000000033,1.2891999999999948,True
797,6.2,6.127599999999962,5.482999999999964,6.77219999999996,1.2891999999999957,True
798,8.9,7.966199999999976,7.321599999999978,8.610799999999973,1.2891999999999948,False
799,8.5,8.206866666666713,7.562266666666715,8.85146666666671,1.2891999999999948,True
800,8.3,7.817600000000035,7.173000000000037,8.462200000000033,1.2891999999999957,True
801,7.8,7.530000000000005,6.885400000000007,8.174600000000002,1.2891999999999948,True
802,5.8,5.532800000000023,4.888200000000025,6.177400000000021,1.2891999999999957,True
803,6.0,5.954000000000004,5.309400000000006,6.598600000000002,1.2891999999999957,True
804,5.0,5.085599999999997,4.440999999999999,5.730199999999995,1.2891999999999957,True
805,7.0,7.010799999999956,6.366199999999958,7.655399999999954,1.2891999999999957,True
806,7.0,6.961000000000004,6.316400000000006,7.605600000000002,1.2891999999999957,True
807,7.6,7.70240000000001,7.057800000000012,8.347000000000008,1.2891999999999966,True
808,4.1,4.576800000000007,3.932200000000009,5.2214000000000045,1.2891999999999957,True
809,7.7,7.8046666666666855,7.160066666666688,8.449266666666684,1.2891999999999966,True
810,5.1,5.155999999999992,4.511399999999994,5.8005999999999895,1.2891999999999957,True
811,5.2,4.808999999999976,4.164399999999978,5.453599999999974,1.2891999999999957,True
812,5.6,5.987799999999971,5.343199999999973,6.6323999999999685,1.2891999999999957,True
813,5.0,5.15160000000001,4.507000000000012,5.796200000000008,1.2891999999999957,True
814,6.4,6.095199999999954,5.450599999999956,6.739799999999952,1.2891999999999957,True
815,5.9,5.9276,5.283000000000002,6.572199999999998,1.2891999999999957,True
816,8.9,8.174600000000039,7.530000000000041,8.819200000000038,1.2891999999999966,False
817,6.0,6.147166666666666,5.502566666666668,6.791766666666664,1.2891999999999957,True
818,8.5,8.3816,7.737000000000003,9.0262,1.2891999999999966,True
819,4.9,5.059400000000002,4.414800000000004,5.704,1.2891999999999957,True
820,5.5,5.642599999999999,4.998000000000001,6.287199999999997,1.2891999999999957,True
821,4.8,4.959000000000004,4.314400000000006,5.603600000000002,1.2891999999999957,True
822,5.8,6.011599999999998,5.367,6.656199999999996,1.2891999999999957,True
823,7.0,7.001999999999997,6.357399999999999,7.646599999999995,1.2891999999999957,True
824,8.8,8.029799999999996,7.385199999999998,8.674399999999995,1.2891999999999966,False
825,7.2,7.150599999999979,6.505999999999982,7.795199999999977,1.2891999999999957,True
826,7.0,7.094199999999999,6.449600000000001,7.738799999999997,1.2891999999999957,True
827,6.0,5.849,5.204400000000002,6.493599999999998,1.2891999999999957,True
828,4.6,4.642599999999998,3.998,5.287199999999996,1.2891999999999957,True
829,9.0,7.943000000000025,7.2984000000000275,8.587600000000023,1.2891999999999957,False
830,7.7,7.810400000000025,7.1658000000000275,8.455000000000023,1.2891999999999957,True
831,5.0,4.7243999999999735,4.079799999999976,5.368999999999971,1.2891999999999957,True
832,6.9,6.640599999999993,5.995999999999995,7.285199999999991,1.2891999999999957,True
833,7.0,6.765800000000037,6.121200000000039,7.410400000000035,1.2891999999999957,True
834,6.9,6.8626000000000005,6.218000000000003,7.507199999999998,1.2891999999999957,True
835,6.0,6.178600000000027,5.534000000000029,6.823200000000025,1.2891999999999957,True
836,8.2,8.006800000000014,7.3622000000000165,8.651400000000013,1.2891999999999966,True
837,5.9,5.793800000000019,5.149200000000021,6.4384000000000166,1.2891999999999957,True
838,5.8,6.036366666666666,5.391766666666668,6.680966666666664,1.2891999999999957,True
839,7.2,7.107800000000002,6.463200000000004,7.7524,1.2891999999999957,True
840,8.0,7.9780000000000095,7.333400000000012,8.622600000000007,1.2891999999999957,True
841,7.0,7.739399999999982,7.094799999999984,8.383999999999979,1.2891999999999948,False
842,6.8,6.822000000000024,6.177400000000026,7.466600000000022,1.2891999999999957,True
843,8.2,8.133199999999958,7.48859999999996,8.777799999999957,1.2891999999999966,True
844,7.4,7.072999999999984,6.428399999999987,7.717599999999982,1.2891999999999957,True
845,5.1,5.379399999999997,4.734799999999999,6.023999999999995,1.2891999999999957,True
846,5.9,5.360000000000002,4.715400000000004,6.0046,1.2891999999999957,True
847,5.0,5.056400000000003,4.411800000000005,5.7010000000000005,1.2891999999999957,True
848,6.5,6.687800000000032,6.043200000000034,7.33240000000003,1.2891999999999957,True
849,6.0,5.98999999999998,5.345399999999982,6.634599999999978,1.2891999999999957,True
850,5.4,4.727399999999992,4.082799999999994,5.37199999999999,1.2891999999999957,False
851,8.7,8.059399999999997,7.414799999999999,8.703999999999994,1.2891999999999948,True
852,7.9,7.770800000000054,7.126200000000056,8.415400000000052,1.2891999999999957,True
853,4.1,5.083799999999992,4.439199999999994,5.72839999999999,1.2891999999999957,False
854,5.7,5.693400000000007,5.048800000000009,6.3380000000000045,1.2891999999999957,True
855,9.1,8.617400000000035,7.972800000000038,9.262000000000032,1.2891999999999948,True
856,5.1,5.848799999999995,5.2041999999999975,6.493399999999993,1.2891999999999957,False
857,5.8,5.980199999999996,5.335599999999999,6.624799999999994,1.2891999999999957,True
858,5.6,5.483599999999969,4.838999999999971,6.128199999999967,1.2891999999999957,True
859,7.1,6.933199999999997,6.288599999999999,7.5777999999999945,1.2891999999999957,True
860,6.5,6.441200000000017,5.796600000000019,7.085800000000015,1.2891999999999957,True
861,6.0,5.912400000000044,5.2678000000000464,6.557000000000042,1.2891999999999957,True
862,8.3,8.215599999999935,7.570999999999937,8.860199999999931,1.2891999999999948,True
863,5.0,4.895,4.250400000000002,5.539599999999997,1.2891999999999957,True
864,4.2,4.500000000000034,3.855400000000036,5.144600000000032,1.2891999999999957,True
865,4.2,4.608800000000004,3.964200000000006,5.253400000000002,1.2891999999999957,True
866,8.7,8.26460000000004,7.620000000000043,8.909200000000038,1.2891999999999948,True
867,6.1,6.248399999999993,5.603799999999995,6.892999999999991,1.2891999999999957,True
868,4.0,4.549000000000003,3.904400000000005,5.193600000000001,1.2891999999999957,True
869,6.5,6.661999999999988,6.0173999999999905,7.306599999999986,1.2891999999999957,True
870,8.9,8.575999999999945,7.931399999999948,9.220599999999944,1.2891999999999966,True
871,6.1,5.942100000000032,5.297500000000034,6.58670000000003,1.2891999999999957,True
872,7.1,7.020199999999989,6.3755999999999915,7.664799999999987,1.2891999999999957,True
873,8.0,7.697066666666701,7.052466666666703,8.341666666666699,1.2891999999999957,True
874,6.8,7.121600000000036,6.4770000000000385,7.766200000000034,1.2891999999999957,True
875,4.8,4.852999999999996,4.208399999999998,5.497599999999994,1.2891999999999957,True
876,5.0,4.983600000000002,4.339000000000004,5.6282,1.2891999999999957,True
877,5.6,5.477199999999962,4.832599999999964,6.1217999999999595,1.2891999999999957,True
878,6.9,6.707600000000001,6.063000000000003,7.352199999999999,1.2891999999999957,True
879,6.3,6.590466666666711,5.9458666666667135,7.235066666666709,1.2891999999999957,True
880,4.8,4.906200000000014,4.2616000000000165,5.550800000000012,1.2891999999999957,True
881,6.4,6.025400000000006,5.380800000000008,6.6700000000000035,1.2891999999999957,True
882,5.3,5.011600000000001,4.3670000000000035,5.656199999999999,1.2891999999999957,True
883,5.0,5.260800000000006,4.616200000000008,5.905400000000004,1.2891999999999957,True
884,8.9,8.614200000000062,7.969600000000065,9.258800000000061,1.2891999999999966,True
885,5.2,5.680399999999995,5.035799999999997,6.324999999999993,1.2891999999999957,True
886,5.1,4.890199999999996,4.245599999999998,5.5347999999999935,1.2891999999999957,True
887,8.1,7.85220000000001,7.207600000000012,8.496800000000007,1.2891999999999957,True
888,5.9,7.049400000000002,6.404800000000004,7.694,1.2891999999999957,False
889,7.5,8.205199999999973,7.560599999999975,8.84979999999997,1.2891999999999948,False
890,4.7,4.58659999999998,3.9419999999999824,5.231199999999978,1.2891999999999957,True
891,8.7,8.485400000000052,7.840800000000054,9.130000000000049,1.2891999999999948,True
892,4.4,5.331399999999999,4.686800000000001,5.975999999999996,1.2891999999999957,False
893,6.1,6.169599999999984,5.524999999999986,6.814199999999982,1.2891999999999957,True
894,6.8,6.439000000000012,5.794400000000014,7.0836000000000094,1.2891999999999957,True
895,8.5,8.053199999999975,7.408599999999978,8.697799999999972,1.2891999999999948,True
896,5.0,4.8208000000000215,4.176200000000024,5.465400000000019,1.2891999999999957,True
897,7.2,7.128999999999994,6.484399999999996,7.773599999999992,1.2891999999999957,True
898,6.0,5.7618,5.117200000000002,6.406399999999998,1.2891999999999957,True
899,8.0,7.812600000000065,7.168000000000067,8.457200000000062,1.2891999999999957,True
900,5.0,5.127999999999967,4.483399999999969,5.772599999999965,1.2891999999999957,True
901,7.2,7.4668000000000525,6.822200000000055,8.11140000000005,1.2891999999999948,True
902,6.7,6.589800000000039,5.945200000000042,7.234400000000037,1.2891999999999957,True
903,7.0,6.3762000000000025,5.731600000000005,7.0208,1.2891999999999957,True
904,6.8,6.6948000000000345,6.050200000000037,7.339400000000032,1.2891999999999957,True
905,4.7,4.747600000000004,4.103000000000006,5.392200000000002,1.2891999999999957,True
906,8.5,8.270999999999994,7.626399999999996,8.91559999999999,1.2891999999999948,True
907,6.6,6.4092000000000215,5.764600000000024,7.053800000000019,1.2891999999999957,True
908,6.0,5.862200000000019,5.217600000000021,6.506800000000017,1.2891999999999957,True
909,4.0,4.793599999999992,4.148999999999994,5.4381999999999895,1.2891999999999957,False
910,7.3,7.637399999999996,6.992799999999998,8.281999999999993,1.2891999999999948,True
911,5.0,5.617399999999984,4.972799999999986,6.261999999999982,1.2891999999999957,True
912,7.0,7.074999999999958,6.430399999999961,7.719599999999956,1.2891999999999957,True
913,7.0,6.621999999999988,5.9773999999999905,7.266599999999986,1.2891999999999957,True
914,6.3,5.927200000000001,5.282600000000003,6.571799999999999,1.2891999999999957,True
915,5.1,4.96360000000002,4.319000000000022,5.608200000000018,1.2891999999999957,True
916,8.0,7.498399999999999,6.8538000000000014,8.142999999999997,1.2891999999999957,True
917,6.7,6.927199999999999,6.282600000000001,7.571799999999997,1.2891999999999957,True
918,5.5,5.374000000000031,4.729400000000033,6.018600000000029,1.2891999999999957,True
919,5.9,5.76540000000004,5.120800000000042,6.4100000000000374,1.2891999999999957,True
920,3.7,4.260599999999995,3.615999999999997,4.905199999999993,1.2891999999999957,True
921,6.1,6.001399999999999,5.356800000000002,6.645999999999997,1.2891999999999957,True
922,6.9,7.2697999999999645,6.625199999999967,7.914399999999962,1.2891999999999957,True
923,5.4,5.092199999999964,4.447599999999966,5.7367999999999615,1.2891999999999957,True
924,6.0,5.792000000000027,5.1474000000000295,6.436600000000025,1.2891999999999957,True
925,6.8,6.730999999999959,6.086399999999961,7.375599999999957,1.2891999999999957,True
926,6.0,5.949199999999994,5.304599999999996,6.593799999999992,1.2891999999999957,True
927,5.0,4.751799999999973,4.107199999999975,5.3963999999999706,1.2891999999999957,True
928,5.4,5.346199999999961,4.701599999999964,5.990799999999959,1.2891999999999957,True
929,7.3,7.21679999999998,6.572199999999982,7.8613999999999775,1.2891999999999957,True
930,4.5,4.837999999999972,4.193399999999974,5.4825999999999695,1.2891999999999957,True
931,7.0,7.057599999999993,6.412999999999995,7.702199999999991,1.2891999999999957,True
932,6.4,5.961400000000001,5.316800000000003,6.605999999999999,1.2891999999999957,True
933,5.1,5.1042,4.459600000000002,5.7487999999999975,1.2891999999999957,True
934,5.9,6.355200000000009,5.710600000000011,6.999800000000007,1.2891999999999957,True
935,5.8,5.184999999999985,4.540399999999988,5.829599999999983,1.2891999999999957,True
936,4.1,4.320200000000016,3.675600000000018,4.964800000000014,1.2891999999999957,True
937,4.8,4.895599999999988,4.250999999999991,5.540199999999986,1.2891999999999957,True
938,5.7,5.573999999999983,4.929399999999985,6.218599999999981,1.2891999999999957,True
939,7.8,7.59539999999999,6.950799999999992,8.239999999999988,1.2891999999999957,True
940,5.8,5.722000000000035,5.077400000000037,6.366600000000033,1.2891999999999957,True
941,9.0,9.042999999999978,8.398399999999981,9.687599999999975,1.289199999999994,True
942,6.3,6.612299999999995,5.967699999999997,7.256899999999993,1.2891999999999957,True
943,7.0,7.182,6.5374000000000025,7.826599999999998,1.2891999999999957,True
944,4.7,5.078799999999998,4.434200000000001,5.723399999999996,1.2891999999999957,True
945,7.6,7.626399999999987,6.981799999999989,8.270999999999985,1.2891999999999957,True
946,5.7,5.664800000000005,5.020200000000007,6.309400000000003,1.2891999999999957,True
947,4.2,4.591800000000002,3.947200000000004,5.2364,1.2891999999999957,True
948,5.0,5.976400000000009,5.331800000000011,6.621000000000007,1.2891999999999957,False
949,4.9,5.526300000000016,4.881700000000018,6.170900000000014,1.2891999999999957,True
950,5.9,6.274600000000012,5.630000000000014,6.91920000000001,1.2891999999999957,True
951,6.2,5.418999999999994,4.774399999999996,6.063599999999992,1.2891999999999957,False
952,7.0,7.200399999999978,6.55579999999998,7.844999999999976,1.2891999999999957,True
953,6.7,5.185800000000011,4.541200000000013,5.830400000000009,1.2891999999999957,False
954,4.0,4.43359999999999,3.7889999999999926,5.078199999999988,1.2891999999999957,True
955,8.0,8.068999999999994,7.424399999999996,8.713599999999992,1.2891999999999966,True
956,7.5,7.090799999999999,6.446200000000001,7.735399999999997,1.2891999999999957,True
957,8.0,7.899800000000049,7.255200000000051,8.544400000000046,1.2891999999999948,True
958,5.3,5.4671999999999965,4.822599999999999,6.111799999999994,1.2891999999999957,True
959,4.7,4.858999999999992,4.214399999999994,5.50359999999999,1.2891999999999957,True
960,5.1,4.913200000000032,4.268600000000034,5.55780000000003,1.2891999999999957,True
961,5.4,5.4788000000000014,4.834200000000004,6.123399999999999,1.2891999999999957,True
962,5.2,5.2601999999999824,4.615599999999985,5.90479999999998,1.2891999999999957,True
963,6.8,6.604866666666616,5.960266666666618,7.249466666666613,1.2891999999999957,True
964,6.3,6.008800000000017,5.364200000000019,6.653400000000015,1.2891999999999957,True
965,6.9,6.445599999999963,5.8009999999999655,7.090199999999961,1.2891999999999957,True
966,5.0,5.128399999999976,4.483799999999978,5.772999999999974,1.2891999999999957,True
967,7.6,7.650999999999947,7.00639999999995,8.295599999999945,1.2891999999999957,True
968,5.0,4.758999999999975,4.114399999999977,5.403599999999972,1.2891999999999957,True
969,5.2,5.183799999999988,4.53919999999999,5.828399999999986,1.2891999999999957,True
970,6.2,6.7164000000000055,6.071800000000008,7.361000000000003,1.2891999999999957,True
971,8.0,8.001800000000006,7.357200000000009,8.646400000000003,1.2891999999999948,True
972,6.0,5.8140000000000045,5.169400000000007,6.458600000000002,1.2891999999999957,True
973,6.2,6.493199999999999,5.848600000000001,7.137799999999997,1.2891999999999957,True
974,7.0,7.021600000000004,6.377000000000006,7.666200000000002,1.2891999999999957,True
975,6.9,7.1632,6.518600000000002,7.807799999999998,1.2891999999999957,True
976,7.4,7.613199999999944,6.968599999999946,8.257799999999943,1.2891999999999966,True
977,4.2,4.290400000000001,3.645800000000003,4.934999999999999,1.2891999999999957,True
978,6.2,6.0,5.355400000000002,6.644599999999998,1.2891999999999957,True
979,8.6,8.358999999999945,7.714399999999947,9.003599999999942,1.2891999999999948,True
980,6.0,5.757399999999988,5.11279999999999,6.401999999999986,1.2891999999999957,True
981,4.2,4.518999999999978,3.87439999999998,5.163599999999976,1.2891999999999957,True
982,5.0,4.955799999999976,4.311199999999978,5.600399999999974,1.2891999999999957,True
983,7.3,6.519200000000016,5.874600000000018,7.1638000000000135,1.2891999999999957,False
984,6.0,5.778400000000021,5.133800000000023,6.423000000000019,1.2891999999999957,True
985,4.8,5.127600000000006,4.4830000000000085,5.772200000000004,1.2891999999999957,True
986,6.9,6.942800000000003,6.298200000000005,7.587400000000001,1.2891999999999957,True
987,4.2,4.304399999999992,3.6597999999999944,4.94899999999999,1.2891999999999957,True
988,7.0,6.853800000000049,6.209200000000052,7.498400000000047,1.2891999999999957,True
989,5.6,5.667000000000023,5.022400000000025,6.311600000000021,1.2891999999999957,True
990,5.9,5.975200000000005,5.3306000000000076,6.619800000000003,1.2891999999999957,True
991,4.9,5.1867999999999945,4.542199999999997,5.831399999999992,1.2891999999999957,True
992,5.3,5.3746000000000045,4.730000000000007,6.019200000000002,1.2891999999999957,True
993,6.4,6.303200000000037,5.658600000000039,6.947800000000035,1.2891999999999957,True
994,7.0,6.863199999999997,6.2185999999999995,7.507799999999995,1.2891999999999957,True
995,6.5,6.891400000000037,6.246800000000039,7.536000000000035,1.2891999999999957,True
996,8.7,8.0598,7.415200000000001,8.704399999999996,1.2891999999999948,True
997,8.3,8.04719999999999,7.402599999999992,8.691799999999986,1.2891999999999948,True
998,5.4,5.457199999999998,4.8126,6.1017999999999954,1.2891999999999957,True
999,6.1,5.580999999999992,4.936399999999995,6.22559999999999,1.2891999999999957,True
