Rank,Model,Family,CV_R2_Mean,CV_R2_Std,CV_MAE_Mean,CV_RMSE_Mean,Train_R2,Train_CV_Gap,Train_Time_s,Inference_Time_ms,Artifact_Size_KB,Test_R2,Test_MAE,Test_RMSE,selected,notes
1,Extra Trees,Tree Ensemble,0.9053677923127829,0.006917475904613566,0.27633929693366727,0.38805803227813096,0.9999898027800307,0.09462201046724783,7.397438399959356,34.430759912356734,9946.2783203125,0.918392251523206,0.26019900000000035,0.38168942675950573,True,"Selected Phase 4 Winner (Highest CV R2, Lowest RMSE)"
2,Random Forest (Default),Tree Ensemble,0.8647771145032828,0.007914859003930153,0.3429773471318315,0.4640894376284729,0.9827547524561985,0.11797763795291571,7.660885199904442,30.54342004470527,5504.580078125,0.8903974263700929,0.32654536666666667,0.44233856806874877,False,Official Benchmark Baseline
3,XGBoost,Advanced Boosting,0.8629467789304904,0.007042796632765877,0.3487771964583737,0.4670755520334162,0.9728157357757093,0.10986895684521891,1.4046038000378758,16.95932000875473,125.8505859375,0.8805466629546496,0.33873623056411745,0.4617889908092114,False,Benchmarked Candidate
4,HistGradientBoosting,Boosting Ensemble,0.8401648203943857,0.006612368899366451,0.3873229965783784,0.5044049625568783,0.9103059515832966,0.07014113118891097,1.3565619001165032,19.329440034925938,145.3623046875,0.8564806107807995,0.38867732643702824,0.5061738681049553,False,Benchmarked Candidate
5,LightGBM,Advanced Boosting,0.8392065192292492,0.005956492076505387,0.38833178955296316,0.5059822756728404,0.9112907989057826,0.07208427967653341,0.8299122999887913,18.58780002221465,104.984375,0.857706650487068,0.38853705760414986,0.5040071910838358,False,Benchmarked Candidate
6,CatBoost,Advanced Boosting,0.8347188843034473,0.004879742297371646,0.3945371345300234,0.5130785612540554,0.9026348409189621,0.06791595661551475,1.6226095999591053,11.660119984298944,45.4521484375,0.8515456723623853,0.3938171342663334,0.5148027555151422,False,Benchmarked Candidate
7,Gradient Boosting,Boosting Ensemble,0.7897184180199157,0.00967245127385575,0.4491348359892924,0.578859954970753,0.8136034282443106,0.02388501022439493,2.096071899868548,9.81220006942749,44.04296875,0.8057607537692556,0.4568401887845298,0.588861178346284,False,Benchmarked Candidate
8,Ridge (alpha=1.0),Linear Model,0.720608965309843,0.006319230092797749,0.5256620303117845,0.66723063330773,0.7255633675715427,0.004954402261699742,0.1985311999451369,13.784219976514578,2.931640625,0.7428448420858136,0.5338456561588767,0.6775510949695929,False,Benchmarked Candidate
9,Linear Regression,Linear Model,0.7205777207415692,0.006362230538916389,0.5257036627608253,0.6672673779850652,0.7255672449830839,0.0049895242415146646,0.17963360017165542,8.44528004527092,3.2216796875,0.7428129069013331,0.5338894857575271,0.6775931649938773,False,Benchmarked Candidate
10,ElasticNet,Linear Model,0.6975819501722019,0.008814486704504295,0.5488783825534027,0.6942263784639966,0.6988997638962138,0.0013178137240118515,0.23661270015873015,8.610060019418597,2.744140625,0.7183409042067053,0.5591776091875817,0.7090981005110727,False,Benchmarked Candidate
11,Dummy (Mean),Statistical Baseline,-0.001237495914837572,0.0015820822217956707,1.0508139944206736,1.263148552036161,0.0,0.001237495914837572,0.1853812001645565,8.161940006539226,2.5126953125,-0.0005939521451068241,1.1275709854927463,1.3365135570640854,False,Benchmarked Candidate
