rank,original_feature,mean_abs_shap,mean_shap,std_abs_shap
1,Stress_Level,0.24366793972848066,-0.003889418831481235,0.1637158173159142
2,Avg_Daily_Usage_Hours,0.2293042967493138,-0.016374395269935758,0.12822409040818136
3,Sleep_Hours_Per_Night,0.20522715751426274,-0.017357139848964392,0.10523244333930373
4,Daily_Unlocks,0.17469679023766413,-0.0030886196170339776,0.1086287611906641
5,Study_Hours,0.11898034796617395,0.0006081136152583477,0.06939675329050922
6,Most_Used_Platform,0.08101913646496968,-0.0061613018323240865,0.07250079000526541
7,Grouped_country,0.07275382411339294,0.003970163295822431,0.08717868632630515
8,Purpose_Of_Use,0.057900808568856564,-0.004313264304647475,0.047403881605994194
9,Physical_Activity_Hours,0.04921412685373399,-0.0029727701315868087,0.03962072111567996
10,Academic_Level,0.046575592103495635,-0.0030373488989082218,0.05466739597474305
11,Gender,0.04207370995447244,-0.005439410429577323,0.037195807122860296
12,Age,0.030720096501485633,-0.003902243866246401,0.02664228692808274
