Component,Artifact,Training_Rows,Calibration_Rows,Holdout_Rows,Parameters,Hash_Match_Phase5,Same_as_Phase5,Method,Nominal_Coverage,Empirical_Coverage,Coverage_Error,Abs_Coverage_Error,Mean_Width,Median_Width,Min_Width,Max_Width,Out_Count,Point_RMSE,Status
Empirical Residual Baseline,split_pipe (clone),2998,1000,1000,"n_est=500, max_feat='sqrt'",False,False,Fixed Residual Baseline,0.8,0.814,0.013999999999999901,0.013999999999999901,0.8689600000000361,0.8689600000000361,0.8689600000000361,0.8689600000000361,186,0.409104171243192,Heuristic Baseline
Phase 7 Split Conformal,split_pipe (clone),2998,1000,1000,"n_est=500, max_feat='sqrt'",False,False,Split Conformal (MAPIE),0.8,0.814,0.013999999999999901,0.013999999999999901,0.8695999999999806,0.8695999999999806,0.8695999999999797,0.8695999999999815,186,0.409104171243192,Model Mismatch (Point RMSE 0.4091 vs 0.3596)
Phase 7.1 CV-Conformal (Reconciled),models/phase5_tuned_extra_trees.joblib,3998,3998,1000,"n_est=500, max_feat='sqrt'",True,True,5-Fold CV-Conformal (OOF),0.8,0.846,0.04599999999999993,0.04599999999999993,0.8312000000000221,0.8312000000000221,0.8312000000000221,0.8312000000000221,154,0.3596406426799059,VALIDATED & RECONCILED (Production Winner)
Empirical Residual Baseline,split_pipe (clone),2998,1000,1000,"n_est=500, max_feat='sqrt'",False,False,Fixed Residual Baseline,0.9,0.906,0.006000000000000005,0.006000000000000005,1.274440000000008,1.274440000000008,1.274440000000008,1.274440000000008,94,0.409104171243192,Heuristic Baseline
Phase 7 Split Conformal,split_pipe (clone),2998,1000,1000,"n_est=500, max_feat='sqrt'",False,False,Split Conformal (MAPIE),0.9,0.911,0.01100000000000001,0.01100000000000001,1.289199999999994,1.289199999999994,1.289199999999993,1.2891999999999948,89,0.409104171243192,Model Mismatch (Point RMSE 0.4091 vs 0.3596)
Phase 7.1 CV-Conformal (Reconciled),models/phase5_tuned_extra_trees.joblib,3998,3998,1000,"n_est=500, max_feat='sqrt'",True,True,5-Fold CV-Conformal (OOF),0.9,0.927,0.027000000000000024,0.027000000000000024,1.1884000000000938,1.1884000000000938,1.1884000000000938,1.1884000000000938,73,0.3596406426799059,VALIDATED & RECONCILED (Production Winner)
Empirical Residual Baseline,split_pipe (clone),2998,1000,1000,"n_est=500, max_feat='sqrt'",False,False,Fixed Residual Baseline,0.95,0.947,-0.0030000000000000027,0.0030000000000000027,1.7040999999999706,1.7040999999999706,1.7040999999999706,1.7040999999999706,53,0.409104171243192,Heuristic Baseline
Phase 7 Split Conformal,split_pipe (clone),2998,1000,1000,"n_est=500, max_feat='sqrt'",False,False,Split Conformal (MAPIE),0.95,0.947,-0.0030000000000000027,0.0030000000000000027,1.7060000000000117,1.706000000000012,1.7060000000000102,1.7060000000000128,53,0.409104171243192,Model Mismatch (Point RMSE 0.4091 vs 0.3596)
Phase 7.1 CV-Conformal (Reconciled),models/phase5_tuned_extra_trees.joblib,3998,3998,1000,"n_est=500, max_feat='sqrt'",True,True,5-Fold CV-Conformal (OOF),0.95,0.958,0.008000000000000007,0.008000000000000007,1.5804000000000027,1.5804000000000027,1.5804000000000027,1.5804000000000027,42,0.3596406426799059,VALIDATED & RECONCILED (Production Winner)
